Record ID,T1,T2,T3,T4,T5,T6,T7,T8,T9,T10,T11,T12,T13,T14,T15,T16,T17,T18,T19,T20,T21,T22,T23,T24,T25,T26,T27,T28,T29,T30
6.34133E+17,1,1,1,0,1,1,1,1,1,1,1,1,1,1,1,1,2,1,1,1,1,1,1,1,1,1,1,0,1,1
6.34134E+17,1,1,1,1,1,2,2,1,2,1,1,1,-1,2,2,2,1,1,1,2,1,1,1,2,1,2,2,1,1,2
6.34139E+17,1,1,1,1,1,1,2,1,1,1,1,0,0,2,2,1,1,1,1,1,1,1,1,1,1,1,1,1,1,1
6.3414E+17,1,1,1,1,1,1,1,1,1,1,1,1,1,2,2,2,2,2,2,2,2,2,2,2,2,2,2,2,2,2
6.34147E+17,1,1,2,1,2,2,2,2,1,2,2,1,2,2,2,2,2,2,2,2,2,2,2,2,2,2,2,2,2,2
6.34148E+17,0,0,0,0,1,0,0,0,0,0,0,0,0,0,0,,0,0,0,0,0,0,0,0,-1,0,-1,0,0,0
6.34152E+17,2,2,2,2,2,2,2,2,2,2,2,2,2,2,2,2,2,2,2,2,2,2,2,2,2,2,2,2,2,2
6.34154E+17,-1,1,1,-1,-2,0,1,0,1,-2,-1,-1,-1,-1,1,1,1,1,-1,-1,-1,-1,0,-1,-1,0,0,0,-2,-2
6.34158E+17,2,2,2,2,2,2,2,2,2,2,2,2,2,2,2,2,2,2,2,2,2,2,2,2,2,2,2,2,2,2
6.34159E+17,1,1,1,0,1,1,2,2,2,1,2,2,2,2,2,2,2,2,2,1,1,1,2,2,1,2,2,1,2,2
6.34159E+17,0,2,2,1,0,0,1,0,1,-1,1,1,1,1,2,0,2,2,2,-1,0,-1,1,2,2,2,2,1,2,1
6.34172E+17,1,2,2,0,2,2,2,1,1,1,1,1,1,2,1,2,2,2,2,1,0,2,2,1,1,1,2,2,1,1
6.34172E+17,2,2,2,0,1,2,1,1,2,1,1,1,1,1,1,2,1,2,1,2,1,2,2,1,1,1,2,1,1,1
6.34173E+17,1,0,0,-1,1,0,1,1,1,0,1,1,-1,0,1,-1,-1,1,1,-2,-2,-2,-2,1,1,1,-1,-2,1,1
6.34173E+17,0,1,1,0,1,0,0,-1,1,-2,-1,-1,1,,-1,2,1,1,1,1,1,1,1,-1,1,-2,1,1,1,1
6.34176E+17,-2,1,1,0,1,-2,2,-2,1,-2,1,1,2,2,2,2,2,2,2,2,2,2,2,2,2,,2,2,2,2
6.34177E+17,,,,,,,,,,,,,,,,,,,,,,,,,,,,,,
6.34177E+17,1,1,0,0,-1,0,1,1,1,-2,0,0,0,-1,1,-1,-1,-1,-1,-1,-1,-1,-1,0,0,0,-1,1,1,-2
6.34178E+17,,,,,,,,,,,,,,,,,,,,,,,,,,,,,,
6.34182E+17,,,,,,,,,,,,,,,,,,,,,,,,,,,,,,
6.34182E+17,0,-2,-2,-2,-2,0,1,0,-1,-1,0,0,0,0,1,-1,-2,-2,1,-2,-2,-2,-2,0,1,0,1,-2,-2,0
6.34183E+17,,,,,,,,,,,,,,,,,,,,,,,,,,,,,,
6.34185E+17,-2,1,1,-2,-2,0,1,1,1,-1,1,0,0,2,2,2,2,2,2,2,2,2,2,0,-1,1,2,1,2,2
6.34191E+17,1,0,0,0,0,0,0,0,0,1,0,0,0,2,2,1,1,1,1,1,1,1,1,1,1,1,2,0,1,2
6.34191E+17,1,1,1,0,1,-1,0,0,-1,-1,0,0,0,0,2,1,1,1,1,1,1,1,1,-1,-1,-1,1,0,1,-1
6.34191E+17,1,2,2,1,0,1,2,2,0,1,1,1,0,1,1,2,2,2,1,1,1,1,2,0,0,1,0,2,0,1
6.34193E+17,-2,0,-1,-2,-2,-2,-2,-2,1,-2,-2,-2,-2,-2,1,0,1,0,-1,1,1,1,1,1,1,-2,2,0,-2,-2
6.34193E+17,1,1,1,0,1,1,1,1,1,0,1,1,1,2,1,1,1,1,1,-1,-1,-1,1,1,1,2,2,1,1,2
6.34195E+17,,,,,,,,,,,,,,,,,,,,,,,,,,,,,,
6.34199E+17,1,0,0,-1,2,2,2,1,1,0,1,1,1,1,1,1,-1,0,1,-1,-1,-1,-1,0,0,0,-2,0,1,1
6.342E+17,1,1,1,0,-1,0,1,1,1,1,0,0,0,-1,1,1,1,1,1,1,1,1,1,1,1,1,1,0,1,1
6.342E+17,2,2,2,1,2,1,2,2,1,2,2,2,2,2,2,2,2,2,2,1,1,1,1,1,1,1,2,1,2,2
6.342E+17,1,1,1,0,-1,1,0,1,1,0,-1,-1,0,0,1,0,0,1,2,-1,-1,-1,0,1,0,0,1,0,1,1
6.34201E+17,,,,,,,,,,,,,,,,,,,,,,,,,,,,,,
6.34202E+17,1,1,1,1,1,1,1,1,1,0,0,0,0,1,1,1,1,1,1,1,1,1,1,1,1,1,1,2,1,0
6.34206E+17,1,1,1,0,-1,-2,0,0,1,-1,0,0,0,0,2,2,1,1,1,1,1,1,1,1,0,0,1,1,1,0
6.34206E+17,,,,,,,,,,,,,,,,,,,,,,,,,,,,,,
6.34208E+17,0,0,0,0,0,0,0,0,0,0,0,0,0,0,0,0,0,0,0,0,0,0,0,0,0,0,0,0,0,0
6.34208E+17,0,0,0,0,0,0,0,0,0,0,0,0,0,0,0,0,0,0,0,0,0,0,0,0,0,0,0,0,0,0
6.34208E+17,2,2,2,2,2,2,2,2,2,2,2,2,2,2,2,2,2,2,2,2,2,2,2,2,2,2,2,2,2,2
6.34209E+17,-1,-1,-1,-1,0,,-1,,,,-1,-1,-1,,,,,,,,,,,,,,,,,
6.34209E+17,-1,-2,0,0,,-1,0,0,-1,0,-2,,,0,-2,-2,-2,-2,-2,-2,-2,-2,-2,-2,-2,,-1,0,0,0
6.34209E+17,1,0,-1,0,-1,-1,0,-1,,,,,,,,,,,,,,,,,1,0,1,0,,
6.34209E+17,0,1,2,1,-1,-1,-1,-2,-1,,,,,0,2,1,1,1,2,0,0,0,0,1,1,1,1,1,1,1
6.34209E+17,1,1,1,1,1,1,1,1,1,1,1,1,1,1,1,1,1,1,1,1,1,1,1,1,1,1,1,1,1,1
6.34209E+17,0,-1,0,-2,-2,-1,1,1,1,,,,,1,1,1,1,1,0,-1,1,1,,,,,,,,
6.34209E+17,0,0,0,1,1,0,0,0,0,,,,,0,2,2,0,0,1,1,,,1,1,-1,0,1,0,,
6.34212E+17,-1,-1,-1,0,0,0,-1,-1,-2,-1,0,0,-1,-1,-1,2,-1,-1,-2,-1,-1,-1,1,2,0,-2,-1,-1,-2,-1
6.34212E+17,1,0,0,0,1,-1,1,1,1,0,0,0,1,1,1,1,1,1,1,1,1,1,1,0,2,2,1,,0,0
6.34213E+17,1,2,2,0,-1,1,2,1,2,0,1,1,1,1,2,2,2,2,1,2,1,1,1,2,0,1,-1,1,2,2
6.34214E+17,,,,,,,,,,,,,,,,,,,,,,,,,,,,,,
6.34214E+17,,,,,,,,,,,,,,,,,,,,,,,,,,,,,,
6.34214E+17,1,1,0,-1,-1,1,1,1,-1,0,1,1,1,-1,1,1,1,1,-1,0,0,0,-1,1,1,0,2,-1,1,1
6.34215E+17,,,,,,,,,,,,,,,,,,,,,,,,,,,,,2,
6.34217E+17,,,,,,,,,,,,,,,,,,,,,,,,,,,,,,
6.34218E+17,1,1,1,1,1,1,1,1,1,0,1,1,1,2,2,2,2,2,2,2,2,2,2,2,2,2,2,2,,2
6.34219E+17,1,1,1,1,-1,1,1,1,1,,,,,1,1,-1,-1,1,1,1,1,1,1,1,1,1,1,1,1,
6.34219E+17,0,1,0,-1,-1,-2,-2,-1,-2,0,-1,-1,1,-1,2,1,0,0,1,1,1,1,0,1,0,-2,-1,1,-1,0
6.34219E+17,-1,-2,,-2,1,-2,-2,-2,-2,-1,1,-1,-2,-1,2,-2,-2,2,2,-2,-2,-2,-2,2,-2,-1,1,-2,2,-1
6.34219E+17,,,,,,,,,,,,,,,,,,,,,,,,,,,,,,
6.34219E+17,1,2,2,2,2,2,2,2,2,2,,,,1,1,1,1,1,1,1,1,1,1,1,1,1,1,1,1,1
6.34219E+17,2,2,2,2,2,2,2,2,2,2,2,2,2,2,2,2,2,2,2,2,2,2,2,2,2,2,2,2,2,2
6.34219E+17,1,2,1,1,-1,-1,1,1,1,1,,,,1,1,2,2,2,1,,2,,2,2,2,1,1,1,1,1
6.3422E+17,1,2,2,2,2,1,1,2,1,,,,,1,1,1,2,2,1,,,,1,1,1,1,0,1,1,1
6.3422E+17,0,0,0,0,1,-1,-1,-1,0,-2,-2,-2,-2,-1,2,2,-2,0,0,0,0,0,0,1,1,-2,0,1,0,-2
6.34221E+17,2,1,0,0,0,2,2,2,2,1,2,2,2,2,0,0,0,1,2,-1,-1,0,0,0,2,2,2,0,1,-2
6.34224E+17,2,2,2,2,2,2,1,1,1,1,-1,-1,-1,1,1,1,0,1,1,1,1,1,1,1,2,1,2,-1,1,1
6.34224E+17,1,1,2,2,1,2,2,1,1,1,2,2,2,2,2,2,2,2,1,2,2,2,1,1,2,2,1,1,1,1
6.34225E+17,,,,,,,,,,,,,,,,,,,,,,,,,,,,,,
6.34226E+17,1,0,1,0,1,0,1,1,1,2,0,-1,0,1,0,1,1,1,1,1,1,1,1,1,1,2,2,0,1,1
6.34227E+17,,,,,,,,,,,,,,-2,2,0,0,2,2,-1,-1,-1,0,2,1,-2,-2,0,2,-2
6.34227E+17,-1,1,0,-2,-1,-1,-1,-1,0,-2,-1,-1,-1,1,1,2,0,1,1,-1,-1,-1,1,0,0,1,0,0,1,1
6.34227E+17,1,-1,-1,-1,1,-1,1,-1,0,-1,-1,-1,-1,1,1,2,2,2,0,1,1,1,1,-1,-1,-1,1,1,1,0
6.34227E+17,2,2,2,2,2,2,2,2,2,2,2,2,2,2,2,2,2,2,2,2,2,2,2,2,2,2,2,2,2,2
6.34231E+17,1,1,-1,-1,-1,1,0,0,-1,-1,-2,-2,-2,-1,1,0,1,0,1,-2,-2,-2,-2,1,0,0,-2,-2,-2,-2
6.34232E+17,1,1,1,0,1,0,1,1,1,1,0,0,0,1,1,1,2,2,2,1,0,0,0,0,1,1,1,0,1,0
6.34236E+17,1,1,1,0,-1,-1,1,2,1,-1,-1,-1,-1,1,2,2,2,2,2,2,2,2,2,-1,-2,2,1,1,1,1
6.34238E+17,1,1,-2,-2,1,-2,-1,-1,-2,-2,-1,-1,-1,-2,1,1,1,1,1,-1,-1,-1,1,1,-2,-1,1,-2,-1,-2
6.34239E+17,1,-1,-1,0,1,1,2,2,1,1,1,1,1,1,2,-1,-1,-2,0,-1,-1,-1,-1,1,1,2,0,0,0,1
6.34242E+17,0,0,-2,-2,-2,-1,0,0,0,0,-1,-1,1,-1,1,-1,-1,0,0,-2,-1,-2,-2,1,0,-1,-1,1,1,1
6.34244E+17,1,1,1,1,1,1,1,1,1,1,1,1,1,1,1,1,1,1,1,1,1,1,1,1,1,1,1,1,1,1
6.34244E+17,1,1,-1,1,1,0,1,1,1,0,1,1,1,1,1,1,2,-1,1,1,1,1,1,1,0,1,1,1,1,1
6.34245E+17,1,2,2,2,0,0,1,1,1,1,1,1,1,2,1,2,2,2,2,2,2,2,2,2,2,2,2,2,2,2
6.3425E+17,1,1,1,1,1,1,1,1,1,1,1,1,1,1,2,1,1,1,1,1,1,1,1,1,1,1,1,0,1,1
6.3425E+17,,1,1,0,0,-1,0,0,2,0,1,1,1,2,2,1,0,1,2,1,1,1,1,0,0,1,1,1,1,1
6.34251E+17,0,-1,-1,-2,-1,-1,-1,1,1,0,-1,-1,-2,-1,1,-1,1,1,1,-1,-1,-1,-1,1,0,-2,0,-1,0,-1
6.34251E+17,0,-2,-1,-2,1,-2,-2,-1,-2,-2,-2,-2,-2,-2,1,2,1,2,-2,-2,-2,-2,2,-2,-2,-2,2,1,-2,-2
6.34257E+17,,,,,,,,,,,,,,,,,,,,,,,,,,,,,,
6.3426E+17,1,1,0,1,1,2,2,2,1,0,1,0,0,2,2,1,1,1,2,1,1,1,0,1,1,2,2,-1,2,2
6.34261E+17,1,-1,0,-2,-1,0,1,1,1,0,0,0,0,2,2,-1,1,0,1,-2,-1,-1,0,1,1,2,2,-1,2,2
6.34263E+17,,,,,,,,,,,,,,,,,,,,,,,,,,,,,,
6.34266E+17,,,,,,,,,,,,,,,,,,,,,,,,,,,,,,
6.34267E+17,0,1,0,-1,-1,1,0,0,1,-1,1,1,1,1,1,1,1,1,1,-1,-1,-1,0,1,1,2,1,0,1,1
6.34268E+17,0,-1,1,2,0,1,1,1,-1,0,1,1,1,0,1,1,2,1,2,2,2,2,1,0,0,1,0,1,1,0
6.34268E+17,,,,,,,,,,,,,,,,,,,,,,,,,,,,,,
6.34268E+17,2,-1,,0,1,0,2,2,2,0,1,1,1,1,0,2,2,1,0,1,1,1,1,1,1,1,1,1,1,-1
6.34268E+17,2,-1,-1,-1,0,-1,-1,0,-1,-2,-2,-2,-2,2,2,-1,0,-1,1,-2,-2,-2,-2,1,1,1,-2,-2,-2,-2
6.34269E+17,,,,,,,,,,,,,,,,,,,,,,,,,,,,,,
6.34269E+17,0,-1,-2,-2,1,0,1,2,-1,1,0,0,2,-1,2,-2,-1,-2,1,-2,-2,1,-2,1,2,-1,2,0,1,1
6.34273E+17,1,1,,1,0,1,1,1,1,1,1,1,1,2,2,2,2,2,2,2,2,2,2,1,1,2,1,2,2,1
6.34274E+17,-2,1,-1,-2,-2,-2,-1,-2,-2,-2,-2,-2,-2,-1,2,1,1,1,2,0,0,0,0,-1,-1,-1,-1,1,1,-2
6.34275E+17,,,,,,,,,,,,,,,,,,,,,,,,,,,,,,
6.34275E+17,,,,,,,,,,,,,,,,,,,,,,,,,,,,,,
6.34275E+17,-1,-1,-1,-1,-2,-2,-1,1,-2,-2,-2,-2,2,-1,-1,2,2,2,-2,1,2,1,2,1,1,0,0,2,-2,-2
6.34281E+17,1,1,1,0,0,1,1,1,0,0,0,0,0,1,1,0,1,1,1,1,1,1,0,1,0,0,0,1,-1,0
6.34281E+17,2,-1,-1,1,0,1,1,1,1,0,0,0,0,1,1,-1,0,1,1,-1,-1,-1,-1,1,1,0,1,0,0,0
6.34281E+17,1,1,1,1,1,2,2,2,2,1,0,0,0,2,2,2,2,2,2,2,2,2,2,2,2,1,2,1,1,1
6.34285E+17,1,0,0,1,1,1,1,-1,1,-2,0,0,0,1,1,1,1,1,1,0,-1,-1,1,0,-1,0,1,1,1,-1
6.34286E+17,0,1,1,-1,-1,-2,1,0,1,-1,-1,-1,-1,0,-2,-2,-2,0,-1,-2,-2,-2,-2,1,1,-1,1,-2,-1,-2
6.34286E+17,1,0,1,1,1,1,1,1,-2,0,2,1,2,2,2,2,2,2,1,1,1,1,1,1,2,2,2,1,2,2
6.34286E+17,,,,,,,,,,,,,,,,,,,,,,,,,,,,,,
6.34287E+17,,,,,,,,,,,,,,,,,,,,,,,,,,,,,,
6.34287E+17,,,,,,,,,,,,,,,,,,,,,,,,,,,,,,
6.34298E+17,,,,,,,,,,,,,,,,,,,,,,,,,,,,,,
6.34299E+17,0,1,1,1,-1,-1,2,1,1,-1,-1,-1,-1,0,2,0,1,1,0,-1,0,1,1,-1,2,2,-2,-1,0,-2
6.34305E+17,-1,-2,-2,-2,-2,-1,0,-1,-1,-2,0,-1,0,-2,1,0,1,1,-2,0,0,1,1,-1,0,1,1,1,-2,-2
6.3431E+17,1,1,1,1,1,0,1,1,1,1,1,1,1,1,1,1,1,1,1,1,1,1,1,0,1,1,1,1,1,1
6.3431E+17,1,0,0,0,1,1,2,1,1,1,0,0,0,1,1,1,1,1,1,0,0,0,0,1,2,2,1,0,1,1
6.34311E+17,0,1,0,0,-2,0,0,0,-1,0,0,0,0,0,1,1,1,1,0,1,1,1,0,0,0,0,0,0,0,0
6.34314E+17,2,1,1,0,1,2,2,2,1,2,2,2,2,2,2,1,1,1,1,1,1,1,1,1,1,1,1,1,1,2
6.34315E+17,-1,1,1,1,1,1,0,0,1,0,0,0,-2,-1,2,2,2,2,2,2,2,2,2,2,2,2,2,2,2,-1
6.34317E+17,1,0,0,-1,1,1,1,1,1,0,0,0,0,0,1,1,2,1,0,0,0,1,1,-1,-1,1,-1,0,0,0
6.34318E+17,1,0,1,1,1,1,1,1,1,1,1,1,1,1,1,1,1,1,1,1,1,1,1,1,1,1,1,1,1,1
6.34318E+17,2,1,2,0,2,2,1,1,0,2,1,0,2,2,2,2,2,2,1,2,2,2,2,1,-1,2,0,1,2,2
6.34323E+17,-1,1,-1,0,1,0,-1,1,1,-1,-2,-2,0,-1,2,1,1,1,1,-2,-2,-2,-1,1,1,-2,-1,0,1,1
6.34323E+17,-1,1,-2,0,1,0,-1,1,1,-1,-2,-2,0,-1,2,1,1,1,1,-2,-2,-2,-1,1,1,-2,-1,0,1,1
6.34324E+17,-1,1,-2,0,1,0,-1,1,1,-1,-2,-2,0,-1,2,1,1,1,1,-2,-2,-2,-1,1,1,-2,-1,0,1,1
6.34324E+17,2,1,0,-1,-2,0,2,1,0,-1,-2,0,,2,1,0,-1,-2,0,2,1,0,-1,-2,0,2,1,-1,,-2
6.34324E+17,1,1,1,-1,1,1,1,-1,-2,-1,0,0,1,2,2,1,1,1,1,1,1,1,1,1,1,2,1,1,2,1
6.34326E+17,1,1,1,1,1,0,1,1,1,1,1,1,1,1,1,1,1,1,1,0,0,0,1,1,1,1,1,1,1,1
6.34326E+17,,,,,,,,,,,,,,,,,,,,,,,,,,,,,,
6.34326E+17,2,2,2,2,2,2,2,2,2,2,2,2,2,2,2,2,2,2,2,2,2,2,2,,2,2,2,2,2,2
6.34328E+17,1,2,2,2,2,2,2,0,2,0,2,2,0,2,2,0,2,2,2,2,2,2,0,0,0,2,2,0,2,0
6.34328E+17,0,-1,-1,-1,1,-1,-1,-1,-2,-1,-1,-1,0,2,2,2,1,1,1,-1,-1,1,1,1,-1,1,1,-1,1,1
6.34328E+17,-2,1,-2,-2,-1,-2,-2,-2,-2,-2,-2,-2,-2,-2,1,1,-2,0,1,-1,-1,-1,1,1,-2,-2,0,-2,1,-2
6.34328E+17,,,,,,,,,,,,,,,,,,,,,,,,,,,,,,
6.3433E+17,2,1,2,2,2,2,2,1,0,2,2,2,2,2,2,2,2,2,2,2,2,2,2,2,2,2,2,2,2,2
6.3433E+17,-1,1,0,-1,0,1,1,1,1,0,1,1,1,1,2,2,1,1,1,1,1,1,-1,1,1,1,1,1,1,1
6.34333E+17,0,0,0,0,1,-1,0,,,,,,,,,,,,,,,,,,,,,,,
6.34333E+17,-1,1,1,-1,-1,-1,-1,-1,-1,-1,0,0,0,1,1,1,-1,-1,1,1,1,1,1,1,1,-1,1,1,1,0
6.34336E+17,,,,,,,,,2,,,,,,,,,,,,-2,,,2,,,,,,
6.3434E+17,0,0,1,0,1,0,0,1,1,-1,0,-1,0,0,1,1,1,1,0,1,1,1,1,-1,0,0,1,1,1,1
6.34341E+17,1,1,0,0,-1,1,1,1,1,-1,1,1,1,0,0,0,1,1,0,-2,-2,-2,0,2,-2,-1,-2,-2,0,-2
6.34345E+17,0,,-2,0,0,-1,-1,-2,0,-2,0,0,0,-1,1,-1,-2,0,0,-1,-1,-1,0,0,0,-1,-1,-1,-1,-2
6.34345E+17,,,,,,,,,,,,,,,,,,,,,,,,,,,,,,
6.34346E+17,0,-1,-1,0,-1,0,0,0,-1,-1,-1,-1,-2,-1,1,-1,1,1,1,-1,-1,-1,-1,1,1,1,1,1,-1,-1
6.34346E+17,2,1,1,1,0,1,2,2,1,1,1,1,1,1,1,1,1,1,1,1,1,1,1,1,1,1,1,1,1,1
6.34352E+17,1,0,1,1,1,1,1,1,1,0,1,1,1,1,1,1,1,1,1,1,1,1,1,1,0,1,0,-1,1,1
6.34353E+17,0,1,1,1,1,0,1,1,0,-1,1,1,1,1,1,0,1,1,1,-2,-2,-2,0,1,1,1,0,-1,0,0
6.34357E+17,0,2,2,2,0,1,2,2,2,0,0,0,0,1,0,0,1,1,1,0,0,0,0,1,0,0,2,2,0,0
6.34357E+17,0,1,1,0,1,1,0,1,1,0,1,0,1,1,1,1,1,2,2,2,2,2,2,0,1,1,2,2,1,0
6.34357E+17,2,2,2,,2,,2,2,,2,2,2,2,2,2,2,2,2,2,2,2,2,2,-1,-1,2,2,,2,2
6.34357E+17,2,1,1,-1,0,1,2,2,2,2,2,2,2,2,2,1,1,2,2,1,1,1,1,2,2,2,2,1,2,2
6.34358E+17,2,2,2,2,2,2,2,2,2,2,2,2,2,2,2,2,2,2,1,1,1,2,2,2,1,2,2,1,0,1
6.34358E+17,0,1,0,1,-1,0,1,1,-1,-2,0,0,0,1,2,2,2,2,1,2,2,2,1,2,2,2,2,2,0,-2
6.34359E+17,-2,0,-2,-2,1,-2,-1,-1,-2,-1,-1,-1,-2,-2,2,2,-2,1,1,-1,-1,-1,0,-2,-2,0,1,-2,-2,-2
6.34359E+17,,,,,,,,,,,,,,,,,,,,,,,,,,,,,,
6.3436E+17,-2,1,1,1,1,-1,1,1,0,0,1,0,0,-1,2,1,1,1,1,-1,-1,1,1,0,1,0,1,-1,2,1
6.34363E+17,1,1,1,1,1,1,1,0,-1,,1,1,1,1,2,2,1,2,2,2,2,2,2,1,1,1,2,2,1,1
6.34365E+17,0,1,2,-2,1,0,0,-1,-2,0,-2,-2,-2,1,2,1,-1,1,2,-2,-2,-1,0,1,-2,0,0,-1,2,0
6.34365E+17,1,1,1,0,-1,-1,1,1,1,1,1,1,1,0,1,0,1,1,0,0,1,1,0,-2,-2,2,-1,1,1,1
6.34366E+17,0,0,1,0,1,0,1,1,1,1,0,0,0,1,2,1,2,2,2,1,1,1,1,1,2,2,2,1,2,2
6.34366E+17,0,1,0,-2,2,0,0,0,0,0,1,1,-2,-1,1,2,2,2,1,2,2,2,2,2,2,2,2,1,-1,0
6.3437E+17,1,-1,-1,-1,2,1,0,0,-1,-1,1,-2,-2,-1,1,1,0,-1,1,-1,-1,-1,0,1,1,1,-2,0,-1,-1
6.3437E+17,-1,1,0,0,1,-2,-2,-2,-2,-2,-2,-2,1,-1,1,1,-2,1,1,-2,-2,-2,1,1,1,-2,1,-2,1,-1
6.34371E+17,-2,-2,-2,-2,-2,-2,-2,-2,-1,-2,-2,-2,2,-2,1,1,1,-2,-2,1,1,1,1,-2,-2,-2,1,-2,-2,-2
6.34372E+17,-1,1,1,-1,-1,0,-1,-1,-1,-1,0,0,1,2,2,2,2,2,2,2,2,2,2,1,1,2,1,1,2,2
6.34376E+17,1,1,1,0,1,0,1,0,1,1,1,1,1,1,1,1,1,1,1,1,1,1,1,1,2,2,1,0,1,1
6.34378E+17,,,0,0,1,2,2,2,1,1,2,0,0,2,2,1,1,1,,1,,2,1,-2,-2,2,0,0,2,2
6.34381E+17,1,,,,,,,,,,,,,,,,,,,,,,,,,,,,,
6.34383E+17,1,1,1,1,1,1,1,1,1,1,2,2,2,2,1,1,1,1,1,1,1,1,2,1,1,1,1,2,1,1
6.34389E+17,0,0,1,1,1,1,1,1,-1,0,1,1,1,1,1,1,1,1,1,1,1,1,1,1,1,1,1,1,1,1
6.34389E+17,1,2,1,0,1,1,2,1,1,0,0,0,0,1,2,2,2,1,0,1,1,1,2,1,1,2,0,1,1,0
6.34389E+17,,,,,,,,,,,,,,,,,,,,,,,,,,,,,,
6.34389E+17,-2,0,0,0,-2,-1,0,0,0,0,0,0,0,2,2,2,2,2,2,2,2,2,1,1,1,2,2,2,2,2
6.34395E+17,2,0,1,-1,0,2,2,2,2,1,2,2,0,2,2,0,2,2,2,2,2,2,0,2,2,1,1,2,2,2
6.34395E+17,0,1,-1,0,1,-1,2,2,1,0,-1,-1,1,2,2,2,1,1,2,2,2,2,1,1,-1,2,-1,1,1,1
6.34396E+17,1,2,1,1,1,2,2,2,2,1,2,2,2,1,1,0,1,1,2,0,0,0,1,1,1,1,1,0,2,2
6.344E+17,1,2,2,2,1,1,1,1,1,0,0,0,1,0,2,0,0,2,1,0,0,0,1,2,2,0,2,-1,-1,1
6.34408E+17,1,2,2,0,-1,0,1,0,1,,1,1,1,1,2,2,2,2,1,2,2,2,2,0,1,1,0,2,0,1
6.34411E+17,1,0,0,-2,0,-2,0,0,1,0,0,0,0,0,1,-1,0,1,1,-1,-1,-1,-2,0,0,-1,1,-1,0,0
6.34413E+17,0,0,-1,-1,0,0,-1,0,0,-1,-2,-2,0,-1,1,1,1,1,0,-1,-1,-1,0,1,-1,0,1,1,-1,-1
6.34414E+17,2,2,2,2,2,2,2,2,2,1,0,0,0,2,2,2,2,2,2,2,2,2,2,2,2,2,2,2,2,1
6.34418E+17,1,-2,-2,0,0,1,-2,-2,0,0,0,0,0,-2,1,-1,-2,0,,-2,-2,-2,-2,1,1,0,0,0,-2,-2
6.34418E+17,0,1,1,-1,-2,-2,-2,-2,0,-1,-2,-2,0,-2,2,1,1,1,-1,-1,-1,1,1,-2,-2,-2,1,1,-1,-1
6.3442E+17,-2,0,1,0,-2,-1,-1,-1,-1,-1,0,0,0,-2,1,1,0,2,-1,-1,-1,-1,1,2,1,-1,0,1,-1,-1
6.3442E+17,2,2,2,2,0,2,2,2,2,2,1,2,2,2,2,2,2,2,2,2,2,2,2,1,2,2,2,2,2,2
6.34421E+17,1,1,1,1,1,1,1,1,1,1,0,0,0,1,1,1,1,1,1,1,1,1,1,1,1,1,1,1,1,1
6.34423E+17,1,1,1,0,0,1,1,1,1,1,1,1,1,2,2,1,1,1,1,1,1,1,1,1,1,1,1,1,1,1
6.34425E+17,0,0,0,0,0,0,0,0,0,-1,0,0,0,-1,0,1,1,1,1,1,1,1,1,-1,-1,1,1,0,1,-1
6.34426E+17,-1,1,1,1,1,0,1,1,1,0,0,0,0,1,1,1,1,1,1,1,1,1,1,1,1,1,1,1,1,1
6.3443E+17,0,0,0,0,0,0,0,0,0,0,0,0,0,0,0,0,0,0,0,0,0,0,0,0,0,0,0,0,0,0
6.3443E+17,1,0,1,0,-1,1,1,1,1,1,0,0,0,1,1,-2,1,-1,1,-2,-2,-2,-2,2,2,1,1,0,1,1
6.34432E+17,1,2,2,2,-2,-2,2,2,1,1,1,1,1,1,1,1,2,2,2,2,2,2,2,1,1,1,1,0,2,2
6.34436E+17,1,1,1,0,0,1,1,1,1,0,0,1,0,1,2,-2,0,1,1,-1,0,1,0,2,1,1,-2,1,1,1
6.34439E+17,1,-1,-1,1,-1,-1,-1,-1,1,-2,0,0,1,-1,1,1,1,1,1,1,1,-1,1,1,-1,0,-1,-1,0,0
6.34444E+17,-1,1,1,-1,-2,-2,0,-2,-1,-2,-2,-2,-1,0,0,1,1,0,-2,0,0,0,1,1,1,0,-1,-1,-1,-2
6.34445E+17,1,-2,-2,0,-1,0,1,1,0,-1,-1,0,1,0,2,1,2,-1,1,1,1,1,0,0,1,-1,1,-2,-1,-1
6.34447E+17,,,,,,,,,,,,,,,,,,,,,,,,,,,,,,
6.34451E+17,1,2,1,1,1,1,2,1,1,1,1,1,0,2,2,1,2,1,1,1,1,1,1,2,1,2,2,2,2,1
6.34454E+17,0,1,0,-1,0,0,1,0,1,1,0,0,0,-1,1,1,1,1,1,1,1,1,1,1,1,0,1,0,1,1
6.34454E+17,1,0,0,-1,0,0,0,1,1,0,0,0,1,1,1,0,0,1,1,0,0,1,1,1,0,2,1,-2,1,1
6.34455E+17,0,0,0,0,1,1,1,1,1,0,1,1,1,1,1,1,1,0,1,1,1,0,1,1,1,0,0,0,1,1
6.34456E+17,0,-1,0,0,0,0,1,-1,0,-1,-1,-1,0,0,1,1,1,0,-1,1,1,1,1,-1,-2,-1,1,0,0,-1
6.34457E+17,,,,,,,,,,,,,,,,,,,,,,,,,,,,,,
6.34461E+17,-2,-2,-2,-1,-1,-2,0,0,0,-1,-1,-1,-2,2,2,0,0,0,0,2,2,2,2,1,1,2,0,1,2,2
6.34461E+17,-1,-1,-1,0,-1,-1,-1,-1,-1,-2,-2,-2,-2,2,1,-1,0,0,-1,-1,-1,-1,-1,1,1,-2,1,1,2,2
6.34463E+17,2,2,2,0,-1,2,2,2,1,2,2,2,2,2,2,2,2,2,2,-1,-1,-1,2,2,2,2,1,2,2,2
6.34465E+17,0,0,-2,-2,1,0,0,1,1,1,0,0,0,1,1,-2,-1,1,1,-2,-2,-2,-2,1,1,1,1,1,1,1
6.34466E+17,2,2,1,0,1,1,1,2,1,1,2,2,0,2,2,2,2,2,2,2,2,2,2,0,0,1,1,0,2,1
6.34466E+17,1,1,2,0,1,1,1,1,1,1,0,1,1,1,1,1,1,1,1,1,1,1,1,1,1,1,1,1,1,1
6.34466E+17,1,1,1,1,1,1,1,1,-1,1,1,1,1,1,1,1,1,1,1,1,1,1,1,1,-1,1,1,1,1,1
6.34468E+17,-1,0,-1,-1,-2,-1,0,0,1,-1,-1,-1,-1,1,1,1,1,1,1,1,1,1,1,-1,-1,1,1,0,1,1
6.34468E+17,1,1,0,0,1,1,1,1,1,1,1,1,1,1,2,1,1,1,1,0,0,0,1,2,2,0,1,0,1,1
6.34468E+17,1,1,1,0,0,1,1,1,1,1,1,1,1,0,1,1,1,1,1,1,1,1,1,1,1,1,1,1,1,0
6.34469E+17,1,0,1,0,-1,1,1,1,1,1,1,1,1,0,1,2,2,1,2,1,1,1,2,1,1,1,1,1,0,1
6.34472E+17,,,,,,,,,,,,,,,,,,,,,,,,,,,,,,
6.34474E+17,1,1,1,1,0,0,1,1,1,0,0,0,1,1,2,0,1,1,1,0,0,1,0,2,1,1,2,1,1,1
6.34475E+17,-1,0,1,0,0,-1,0,0,1,-2,0,0,0,0,2,1,1,1,2,1,1,1,1,1,1,1,1,-1,1,1
6.34475E+17,-2,1,-1,-2,1,-2,-1,-2,1,-2,-1,-2,1,-2,2,1,0,2,1,-2,-2,-2,1,-1,0,-2,1,1,1,-2
6.3448E+17,0,-1,1,-2,-2,-2,-1,-1,-1,0,-2,-2,-2,2,2,2,2,2,2,0,0,0,2,2,2,2,0,-2,2,2
6.34481E+17,1,-2,-2,-2,-2,-2,-2,-2,1,-2,-2,-2,-2,-2,2,2,2,2,2,2,-2,-2,-2,-2,-2,-2,-1,-2,2,2
6.34484E+17,2,2,2,1,2,2,2,2,2,2,2,2,2,2,2,2,2,2,2,2,2,2,2,1,1,2,2,2,2,2
6.34485E+17,1,1,1,-2,-2,-2,1,1,1,-1,1,1,1,1,2,1,1,2,1,,1,1,1,1,1,1,1,1,1,1
6.34487E+17,,1,1,,-1,1,1,1,1,0,1,1,1,1,1,1,1,1,1,1,1,1,1,1,1,1,1,1,1,0
6.34492E+17,1,0,0,0,1,1,1,1,0,0,1,1,1,0,1,1,1,1,1,1,0,0,1,1,0,1,2,1,1,1
6.34492E+17,1,0,0,0,1,1,1,1,0,-2,0,0,0,1,-1,-1,-1,0,-1,-1,-1,-1,-1,2,2,1,1,0,-2,-2
6.34492E+17,2,0,0,0,1,1,1,1,0,1,0,0,0,2,2,1,0,1,1,-1,-1,-1,1,2,2,0,1,1,1,1
6.34496E+17,1,2,1,1,1,1,2,1,1,0,1,1,1,1,1,0,1,1,1,0,0,0,1,1,1,2,0,1,1,1
6.34497E+17,1,1,1,1,-1,-1,1,1,-1,-1,1,1,1,-1,2,1,1,1,1,-1,-1,-1,-1,1,1,-1,1,1,2,-1
6.34497E+17,,,,,,,,,,,,,,,,,,,,,,,,,,,,,,
6.34498E+17,-1,1,1,0,-1,-1,1,0,0,-1,-2,-2,0,1,0,0,2,1,0,1,1,1,0,2,-2,2,-1,0,0,0
6.34498E+17,1,1,1,1,1,0,1,0,1,1,1,1,1,1,2,2,2,2,2,2,2,2,1,-1,-1,0,1,1,2,2
6.34498E+17,2,2,2,0,2,0,2,2,2,2,1,1,1,2,2,2,2,2,2,2,2,2,2,0,2,1,2,1,2,2
6.34499E+17,1,1,1,1,-2,1,1,1,0,0,1,0,1,1,1,1,1,1,1,-1,-1,-1,1,1,0,1,0,0,1,1
6.34509E+17,1,1,1,0,0,1,2,1,-1,0,0,0,0,1,2,0,1,1,1,-1,-1,1,1,1,1,1,1,1,0,1
6.3451E+17,2,2,2,2,2,2,2,2,2,2,2,2,2,2,2,2,2,2,2,2,2,2,2,2,-1,2,2,0,2,2
6.34516E+17,-2,-1,0,2,2,-2,-2,-1,-2,-2,-2,-2,-2,-1,1,1,-1,0,1,-1,-1,-1,-1,-1,-1,-2,-2,-1,-2,-2
6.34517E+17,0,0,1,-1,0,0,1,1,0,0,0,0,1,2,2,-1,0,1,2,-1,-1,-1,-1,1,2,1,-1,1,2,0
6.3452E+17,0,1,1,0,2,0,1,2,2,2,1,2,2,2,2,2,2,2,2,2,1,1,2,1,2,1,2,2,2,2
6.34521E+17,1,1,1,1,1,0,0,0,0,0,0,-1,0,0,0,1,0,0,0,0,0,0,0,0,0,0,0,0,0,0
6.34522E+17,,,,,,,,,,,,,,,,,,,,,,,,,,,,,,
6.34522E+17,-2,1,1,0,1,-1,0,-1,-2,,0,0,0,-1,2,2,2,2,1,2,2,2,2,1,1,1,1,0,0,-1
6.34523E+17,,,,,,,,,,,,,,,,,,,,,,,,,,,,,,
6.34526E+17,0,2,1,0,2,0,0,0,1,0,0,0,0,0,1,0,0,1,0,0,0,0,0,2,0,0,1,0,0,1
6.34526E+17,1,0,0,-2,0,,1,1,1,0,0,0,0,1,1,-1,-1,0,1,-2,-2,-2,-1,1,1,0,0,0,1,1
6.34528E+17,0,-1,-1,0,1,-2,0,0,-2,-2,-2,-2,-2,-1,-2,-2,-2,0,0,-1,-1,0,0,0,1,0,0,0,1,-1
6.34528E+17,1,2,1,0,1,1,2,2,1,1,1,1,0,2,2,2,2,2,2,2,2,2,2,2,1,2,2,2,2,2
6.34529E+17,-2,1,1,0,1,-2,1,1,-1,-1,1,1,1,1,2,1,1,1,2,-1,-1,-1,1,1,1,1,-1,1,2,1
6.34529E+17,2,2,2,2,2,2,2,2,2,2,2,2,2,2,2,2,2,2,2,2,2,2,2,2,2,2,2,2,2,2
6.34529E+17,1,1,1,0,1,1,1,0,1,1,1,1,1,1,1,1,1,0,1,1,1,1,1,1,1,1,1,1,1,1
6.34534E+17,1,2,2,1,1,1,1,,,,,,,,,,,,,,,,,,,,,,,
6.34535E+17,2,-2,-1,-2,2,2,2,2,2,-2,-1,-1,-1,2,-1,2,2,-1,-1,0,0,0,2,2,2,2,2,-1,-1,
6.34541E+17,0,0,0,0,0,1,1,0,0,0,0,0,1,1,1,1,1,1,1,0,0,0,1,1,1,1,1,0,1,1
6.34541E+17,-1,0,1,1,0,1,1,1,-1,0,1,1,1,2,2,1,1,1,0,1,1,1,0,1,1,2,2,0,2,2
6.3455E+17,0,0,1,1,-1,1,2,2,-2,-2,-2,-2,-2,1,2,2,2,1,-1,0,0,0,1,1,1,2,1,-2,-1,-1
6.3455E+17,1,1,1,-1,-1,1,1,1,,1,1,1,0,1,1,1,,1,1,1,1,1,1,2,2,1,2,0,0,0
6.3455E+17,0,0,0,0,0,0,0,0,0,0,0,0,0,0,1,0,0,0,0,0,0,0,0,1,1,0,0,0,0,0
6.34551E+17,,,,,,,,,,,,,,,,,,,,,,,,,,,,,,
6.34551E+17,0,0,1,1,1,0,0,0,1,0,0,0,0,0,1,0,0,0,0,0,0,0,0,-1,0,1,0,0,0,-2
6.34552E+17,-1,1,1,-2,1,1,1,1,1,-1,1,1,1,1,2,1,1,1,1,-1,-1,-1,1,1,1,1,1,1,1,1
6.34552E+17,1,1,1,1,1,1,1,1,1,1,1,1,1,1,1,0,0,1,1,1,1,1,1,1,1,1,1,1,1,1
6.34553E+17,1,1,1,-1,0,1,1,1,1,1,1,1,1,2,2,2,2,2,2,2,2,2,2,1,1,2,0,1,1,1
6.34553E+17,1,-1,0,0,0,0,-1,-1,0,-1,0,0,0,-1,1,1,1,0,-1,0,0,0,1,0,-1,-1,-2,1,1,-1
6.34553E+17,1,1,0,0,1,1,1,1,1,1,1,1,1,1,1,,1,1,1,1,1,1,1,1,1,1,1,1,1,1
6.34554E+17,1,1,2,1,0,2,2,2,1,1,2,2,2,2,2,2,2,1,2,2,2,2,2,1,2,2,1,1,2,2
6.34554E+17,1,1,1,1,1,1,1,1,1,0,0,0,0,1,,0,1,1,1,1,1,1,1,,0,1,0,1,,0
6.34554E+17,2,2,2,2,2,2,2,2,2,2,2,2,2,2,2,2,2,2,2,2,2,2,2,2,2,2,2,2,2,2
6.34556E+17,1,2,1,1,1,1,1,1,1,0,1,1,1,1,1,1,1,1,1,1,1,1,1,1,1,1,1,1,1,1
6.34556E+17,2,2,2,1,1,1,2,2,2,1,0,0,0,2,2,,2,2,2,1,1,1,1,1,1,2,2,1,2,1
6.34556E+17,2,1,1,0,1,1,2,1,1,0,1,1,1,1,1,1,1,1,1,1,1,1,2,1,2,2,1,1,1,0
6.34557E+17,,1,0,-1,-2,,-1,1,,-1,0,0,0,-1,0,,-1,1,1,-1,-1,-1,0,0,0,-1,1,1,1,0
6.34557E+17,1,1,1,-1,-1,0,1,1,1,1,1,1,1,2,2,2,2,2,2,2,2,2,2,1,0,1,0,1,2,2
6.34557E+17,-1,0,0,0,-2,-1,-2,-1,-2,-2,-2,-2,0,0,0,1,1,0,1,0,1,1,1,0,-2,0,1,1,-2,-2
6.34558E+17,0,0,-1,-1,-2,-1,0,0,-1,-1,-1,0,-1,-1,1,1,0,1,-1,0,0,0,0,1,1,-1,1,0,1,0
6.34558E+17,1,0,1,1,0,1,0,1,1,0,1,1,1,1,1,1,1,1,1,1,1,0,1,1,1,1,1,1,1,1
6.34558E+17,,,,,,,,,,,,,,,,,,,,,,,,,,,,,,
6.34559E+17,1,1,2,1,1,-1,1,0,0,-2,-2,-2,0,1,2,2,2,2,2,2,1,1,0,1,1,1,1,1,1,1
6.34559E+17,2,2,2,2,2,2,2,2,2,0,2,2,2,2,2,2,2,2,2,2,2,2,2,2,2,2,2,2,2,2
6.34563E+17,,,,,,,,,,,,,,,,,,,,,,,,,,,,,,
6.34564E+17,1,1,1,0,-1,0,1,1,1,0,0,0,0,1,1,1,1,1,1,1,1,1,1,1,1,1,0,1,1,1
6.34564E+17,2,2,2,-2,-2,-1,-1,-1,-1,-1,0,0,0,-1,2,2,2,2,0,1,1,1,0,0,1,-1,-1,0,0,-1
6.34564E+17,0,0,0,0,0,0,0,0,0,0,0,0,0,0,0,0,0,0,0,0,0,0,0,0,0,0,0,0,0,0
6.34564E+17,1,1,1,,-1,-1,1,1,0,-1,-2,,,0,1,0,0,1,1,1,1,1,1,0,1,-1,1,-1,2,0
6.34564E+17,0,-1,-1,,-2,-2,0,0,0,-1,0,0,0,1,2,1,-2,-2,1,0,0,1,1,-1,-1,1,-1,-1,1,1
6.34564E+17,1,0,0,-2,1,0,1,1,1,-2,-1,0,1,1,2,1,0,1,1,1,1,1,2,1,1,1,2,1,1,1
6.34564E+17,0,1,1,-2,-2,-1,0,0,0,-1,-1,-1,-1,2,2,2,1,1,0,-1,-1,-1,1,2,1,1,-1,-1,-1,0
6.34565E+17,,,,,,,,,,,,,,,,,,,,,,,,,,,,,,
6.34565E+17,-2,1,-2,-2,-2,-2,-2,-1,0,0,-2,-2,0,-2,,0,0,0,-2,-2,-2,-2,0,0,2,1,2,0,-1,0
6.34565E+17,2,1,-1,0,1,1,1,1,1,-1,0,0,0,-1,0,1,0,1,0,-2,-2,-2,-2,-1,0,0,1,-1,-1,-2
6.34565E+17,,,,,,,,,,,,,,,,,,,,,,,,,,,,,,
6.34565E+17,0,2,2,1,1,1,1,1,0,0,0,0,1,2,2,2,2,2,2,2,1,2,2,2,1,1,1,1,1,1
6.34565E+17,-1,0,0,-2,-2,-1,1,1,-1,-2,-1,-1,1,0,1,1,0,1,1,1,0,0,-1,1,1,1,-1,0,1,-1
6.34566E+17,0,0,0,0,0,0,0,0,0,0,0,0,0,0,0,0,0,0,0,0,0,0,0,0,0,0,0,0,0,0
6.34568E+17,-1,1,1,1,1,-1,-2,-2,-2,-2,0,0,0,1,1,0,-1,1,1,0,0,0,0,1,1,0,0,0,1,0
6.34568E+17,1,1,2,0,1,1,1,1,2,0,1,1,1,2,2,1,2,1,2,1,1,1,1,1,1,2,-1,1,1,1
6.34568E+17,0,1,1,1,-1,-1,1,0,0,-1,-2,-1,0,0,2,1,1,1,2,1,1,1,1,1,1,1,1,1,2,0
6.34568E+17,-1,-1,-1,0,-2,-2,1,-1,-1,-2,-1,-1,0,1,2,2,1,1,1,1,1,-1,1,-1,-1,-1,-1,-1,1,1
6.3457E+17,-1,-2,-1,-2,0,-1,0,-1,0,-2,-1,-1,0,1,,-1,0,1,0,-1,0,0,0,1,0,0,1,0,1,1
6.3457E+17,2,2,2,2,2,2,1,,2,0,2,2,2,2,2,2,2,2,2,2,2,2,2,2,2,2,2,2,2,2
6.34571E+17,0,1,1,0,0,1,1,1,1,1,1,1,1,1,1,0,1,1,1,0,0,0,0,1,1,1,1,1,1,1
6.34571E+17,-2,0,0,-2,-2,-2,-2,0,-2,-2,-2,-2,-2,-2,-1,0,0,0,0,-2,-2,-2,-1,0,0,-2,0,-2,0,-1
6.34571E+17,0,1,1,1,0,0,1,1,1,0,1,1,1,2,2,1,1,2,1,1,1,1,1,1,1,2,2,1,1,1
6.34574E+17,-2,0,1,-2,-1,0,-1,-1,-1,-2,-1,0,1,-1,1,1,-1,1,,-1,1,0,1,-1,1,-1,,1,1,-1
6.34575E+17,1,1,1,0,-1,1,1,1,1,-2,1,1,1,1,2,1,1,1,1,1,1,1,1,1,1,2,1,1,1,1
6.34575E+17,,,,,,,,,,,,,,,,,,,,,,,,,,,,,,
6.34575E+17,1,1,1,,-1,1,1,1,1,1,1,1,1,1,1,1,1,1,1,1,1,1,1,1,1,1,-1,1,1,1
6.34575E+17,0,1,1,1,1,-1,0,-1,0,-1,0,0,1,-1,1,1,1,1,1,1,1,1,1,1,1,-1,1,2,0,-1
6.34575E+17,1,1,1,0,0,1,1,1,1,0,0,0,0,1,1,1,1,1,1,1,1,1,1,0,0,0,0,0,0,0
6.34575E+17,1,0,0,-1,-1,-1,0,0,1,0,0,0,1,1,1,1,1,1,1,0,0,0,0,-1,-1,0,0,0,1,1
6.34575E+17,-1,1,1,1,1,-1,-1,0,-1,-2,-1,-1,-1,1,1,1,0,1,0,0,0,0,1,1,1,1,0,1,1,-1
6.34576E+17,0,-1,1,-2,1,-1,1,1,0,1,-2,-2,1,1,1,2,2,1,1,1,1,1,1,1,1,1,1,1,1,1
6.34576E+17,-1,1,-2,0,1,-2,-2,-1,-2,-2,-2,-2,1,-2,2,-2,-1,2,2,-2,-1,-2,1,2,-1,-2,1,-2,-2,-2
6.34576E+17,1,1,2,1,-2,-2,1,1,0,0,0,1,1,0,2,2,1,2,2,1,1,1,1,1,1,-2,1,1,2,-1
6.34576E+17,0,0,0,0,1,-1,0,0,1,1,0,,0,0,,1,1,0,,1,1,1,1,1,,0,1,1,1,1
6.34577E+17,2,2,2,0,-2,2,2,2,2,2,1,1,1,2,2,2,2,2,2,2,2,2,2,2,2,2,2,2,2,2
6.34577E+17,1,1,0,0,1,2,2,2,2,1,2,2,2,2,2,1,1,2,2,1,1,1,1,2,2,2,2,0,2,2
6.34577E+17,1,1,1,1,1,1,1,1,1,1,1,1,1,1,1,1,1,1,1,1,1,1,1,1,1,1,1,1,1,1
6.34577E+17,-1,-1,0,-2,-1,-1,-1,-1,-1,-2,-1,-1,-1,-1,2,0,0,1,1,0,0,0,-1,-2,-2,-2,-2,-2,1,-2
6.34578E+17,1,1,0,-1,-1,0,-1,1,1,0,1,0,-1,-1,1,1,2,1,-1,1,1,2,1,1,1,0,-1,1,-1,0
6.34578E+17,1,1,1,0,0,1,2,2,1,0,1,1,2,1,1,1,1,1,1,0,0,0,0,0,0,1,1,0,1,1
6.34578E+17,1,2,2,0,0,1,1,2,2,1,0,0,0,2,2,2,2,2,2,2,2,2,2,2,2,2,2,1,2,2
6.3458E+17,0,1,2,1,1,0,0,0,0,-1,0,0,1,0,1,1,1,1,1,1,1,1,1,1,2,1,2,0,-2,-2
6.3458E+17,0,1,1,1,1,0,1,1,-1,0,0,0,1,1,1,1,2,1,1,1,1,1,1,1,1,1,1,1,1,0
6.3458E+17,,,,,,,,,,,,,,,,,,,,,,,,,,,,,,
6.34581E+17,1,2,2,1,1,1,1,1,2,1,1,1,0,1,1,1,1,1,1,1,1,1,1,0,2,,1,1,1,1
6.34581E+17,0,-1,-2,-2,-1,-2,-2,-1,-1,-2,-2,-2,-2,-2,2,2,-2,1,1,-2,-2,-2,1,-2,1,-2,2,-2,2,-2
6.34581E+17,-1,-1,-1,0,0,-1,0,0,0,-1,-1,-1,0,0,2,0,-1,1,0,0,0,0,0,0,0,0,0,0,0,0
6.34581E+17,0,0,0,-1,-1,0,1,1,1,-1,0,0,0,1,2,2,1,1,2,1,1,0,1,-1,1,1,-1,-1,1,0
6.34581E+17,,,,,,,,,,,,,,,,,,,,,,,,,,,,,,
6.34581E+17,-1,1,1,-2,-1,-1,-1,-1,-2,-2,-1,-1,-1,-1,2,1,1,1,1,0,0,0,-1,2,1,-1,1,0,1,1
6.34581E+17,1,1,-1,-1,-1,-2,-1,-2,1,-2,-2,-2,-2,-1,1,1,-1,1,1,-1,1,-1,1,-2,-1,0,-2,0,-1,-1
6.34581E+17,-1,-2,0,-2,1,-2,-2,-2,0,-2,0,0,0,-2,0,,-2,-1,0,-1,-1,-1,1,1,1,-2,-2,-1,-1,-1
6.34581E+17,0,-1,-1,0,1,0,0,0,1,-1,-1,-1,-1,-1,0,0,0,0,1,0,0,0,0,0,1,0,1,0,0,-1
6.34581E+17,1,1,1,1,-1,-1,1,1,1,1,-1,-1,0,1,1,2,1,1,1,-1,-1,-1,1,1,1,1,1,1,1,1
6.34581E+17,-1,1,0,0,1,-2,-2,0,0,0,-2,-2,-1,-2,0,1,-1,2,-2,-2,-2,-2,1,-2,0,-2,-1,1,-2,-1
6.34581E+17,-1,0,1,-2,1,-2,0,0,-1,0,0,0,0,0,2,2,2,2,1,2,2,2,2,0,0,0,0,-2,1,0
6.34582E+17,1,1,0,0,1,1,1,1,1,2,1,1,0,1,2,1,1,1,1,0,0,0,1,1,1,1,1,0,1,2
6.34582E+17,0,-1,-1,0,0,-1,1,-1,1,-1,-1,-1,-1,0,1,-1,0,1,2,-2,-2,-2,-1,0,0,0,1,0,1,0
6.34582E+17,-2,1,1,0,-2,-2,-1,-2,-2,-2,-1,-1,0,0,1,1,1,1,0,1,1,1,1,0,1,-1,-2,-1,2,0
6.34582E+17,1,1,0,-1,-1,-1,1,0,1,-1,,0,0,1,1,1,0,2,1,0,0,0,1,0,0,1,1,-2,1,-2
6.34582E+17,0,1,1,0,0,-1,1,1,1,-1,-1,-1,-1,1,1,1,1,1,1,1,1,1,1,1,1,0,2,0,2,1
6.34582E+17,,,,,,,,,,,,,,,,,,,,,,,,,,,,,,
6.34582E+17,-2,-2,-2,-2,0,-2,-2,-2,-1,-2,-2,-2,-2,-2,0,1,-1,-2,-2,-2,-2,-2,-1,-1,0,-2,-2,-2,-2,-2
6.34582E+17,-1,1,1,1,1,0,0,-1,-1,-1,0,0,0,1,1,1,1,1,1,1,1,1,1,1,1,1,1,1,1,
6.34582E+17,1,1,1,0,1,1,1,1,-1,0,1,1,1,0,1,1,1,1,1,1,1,1,1,1,1,-1,1,-1,0,0
6.34583E+17,-1,1,1,-1,-1,-1,-1,,0,-2,-2,-2,-2,-1,1,1,1,1,-1,1,1,1,1,1,0,-1,1,-1,-1,-2
6.34583E+17,-2,-1,0,0,1,-1,0,-1,-1,-2,0,0,0,0,2,1,1,1,2,1,1,-1,1,0,0,-1,-1,1,1,-1
6.34583E+17,1,1,1,-1,0,-1,0,0,1,-1,0,0,0,2,2,1,1,1,2,0,0,0,1,1,1,1,1,0,1,1
6.34583E+17,2,2,2,2,2,1,2,2,2,0,1,1,1,1,1,1,1,1,1,1,1,1,1,1,1,1,1,1,1,1
6.34583E+17,-1,0,0,-1,0,-1,0,-1,-1,-2,0,,0,-1,0,1,0,1,0,0,-1,0,0,0,0,-1,1,0,1,0
6.34584E+17,1,2,2,0,1,1,1,1,1,1,0,0,1,1,2,1,2,2,2,1,1,1,1,0,1,1,0,1,1,1
6.34584E+17,-1,-2,0,0,1,0,1,1,-1,-1,-2,-2,-2,-2,2,1,1,-2,-2,-1,-1,1,1,-1,-1,-2,-2,-2,-1,-1
6.34584E+17,,,,,,,,,,,,,,,,,,,,,,,,,,,,,,
6.34584E+17,-2,-2,-2,-2,2,-2,-2,,0,-2,-2,-2,-1,-2,2,0,-2,2,2,-2,-2,-2,-2,2,2,-2,-1,2,-1,-2
6.34584E+17,0,1,1,1,1,0,0,-1,1,-1,1,1,0,1,1,1,1,-1,1,1,1,1,2,2,1,-1,1,-2,1,-1
6.34584E+17,1,2,0,,1,1,2,1,1,1,2,2,2,2,2,2,2,2,2,2,2,2,2,2,2,,,1,2,1
6.34584E+17,-1,-1,-1,-2,-2,-2,-1,-1,-1,-1,-1,-1,-1,-1,1,0,-1,0,1,-1,-1,-1,-1,1,0,-1,0,0,0,0
6.34586E+17,-1,2,1,-1,1,0,1,0,0,-1,1,0,0,2,2,2,2,2,2,2,2,2,2,1,1,2,2,1,2,2
6.34587E+17,1,1,1,2,-1,1,1,1,1,0,1,,1,1,2,1,1,2,1,1,1,1,1,0,1,1,1,1,2,1
6.34587E+17,1,1,1,1,1,-1,-1,-1,1,-1,-1,-1,0,1,2,2,-1,1,1,1,1,1,1,2,2,1,1,2,2,2
6.34587E+17,2,2,,1,1,,2,1,1,1,2,1,1,1,1,1,1,1,1,1,1,1,1,1,1,1,1,1,1,1
6.34587E+17,-2,-2,-2,-2,0,0,-2,1,1,-2,-1,1,-2,-1,2,1,-2,1,1,-1,-1,-1,1,2,1,0,-2,1,1,0
6.34587E+17,-1,-1,-2,-1,-2,-2,-1,-1,-2,-2,-2,-2,-1,-1,2,0,0,0,2,-2,-2,-2,-1,0,0,-2,-2,-1,-2,-2
6.34587E+17,1,2,2,1,2,1,1,1,1,0,1,1,1,1,2,2,2,2,1,2,2,2,2,1,1,1,1,2,2,1
6.34588E+17,0,2,2,1,1,0,1,1,0,1,0,0,1,1,1,1,1,1,1,1,1,1,1,-1,-1,1,-1,0,0,1
6.34588E+17,,,,,,,,,,,,,,,,,,,,,,,,,,,,,,
6.34589E+17,,,,,,,,,,,,,,,,,,,,,,,,,,,,,,
6.34589E+17,0,1,0,-2,1,0,0,0,-1,-1,-1,-1,1,1,1,1,1,1,1,1,1,1,1,0,0,1,1,1,1,0
6.34589E+17,0,0,1,0,1,0,0,0,1,0,0,0,0,0,1,0,0,0,1,1,1,1,1,1,1,0,0,0,1,0
6.34589E+17,1,1,1,0,0,1,1,1,1,1,1,1,1,1,1,1,0,1,1,0,0,0,1,1,1,1,1,1,1,1
6.34589E+17,2,2,2,0,1,2,2,2,2,2,1,1,1,2,2,2,2,2,2,2,2,2,2,1,1,2,2,2,2,2
6.3459E+17,0,0,0,-1,1,1,1,1,1,-1,-1,-1,1,1,2,1,2,2,1,2,2,2,1,1,2,1,-1,1,2,1
6.34593E+17,,,,,,,,,,,,,,,,,,,,,,,,,,,,,,
6.34593E+17,1,0,0,0,-1,1,1,1,0,0,1,1,1,1,1,1,1,1,1,1,1,1,1,1,1,1,1,-1,1,0
6.34593E+17,1,2,0,1,0,2,2,2,2,1,0,0,0,2,2,1,2,2,2,-1,-1,-1,0,1,1,2,2,1,2,2
6.34595E+17,1,2,2,0,1,1,1,1,0,1,1,1,0,2,2,1,1,2,2,1,1,1,0,2,2,2,2,,2,2
6.34596E+17,0,0,0,0,1,1,0,0,0,-1,0,0,0,0,1,1,1,1,1,1,1,1,1,0,0,1,1,0,1,1
6.34596E+17,1,1,1,0,1,2,2,2,1,1,1,1,1,2,2,2,2,1,1,1,1,1,1,-1,0,2,1,1,1,1
6.34596E+17,2,0,1,0,2,2,2,2,2,2,0,0,0,1,2,1,2,2,2,0,0,0,1,1,0,1,2,0,1,2
6.34599E+17,0,2,2,0,1,-1,1,0,-2,-1,-1,-1,-1,1,1,1,0,0,0,0,0,0,0,1,1,0,1,2,1,1
6.34599E+17,0,1,1,1,1,-1,1,1,-1,-1,-1,0,1,1,2,2,2,2,2,2,2,2,2,2,2,0,2,2,2,2
6.346E+17,-2,-2,-2,-2,-2,-1,0,-2,0,-1,-2,-2,-2,-1,1,2,1,2,2,0,0,0,1,1,1,-2,1,-2,1,-2
6.346E+17,2,2,2,2,2,2,2,2,2,2,2,2,2,2,2,2,2,2,2,2,2,2,2,2,2,2,2,2,2,2
6.34601E+17,1,1,0,1,1,1,2,1,1,0,1,1,1,1,1,1,0,1,1,1,1,1,0,1,0,0,2,-1,1,0
6.34612E+17,-1,0,-1,-1,1,-1,1,1,1,-2,1,1,1,1,2,-1,-1,1,2,-1,1,1,1,1,1,1,1,1,1,1
6.34618E+17,-1,0,0,0,0,-2,0,-1,0,-1,0,0,1,1,2,2,0,1,1,0,0,,1,1,-2,1,-1,-2,2,0
6.34619E+17,2,2,2,2,1,1,1,1,1,1,1,1,1,1,1,1,1,1,1,1,1,1,1,0,0,0,0,0,0,0
6.3462E+17,1,0,0,0,0,1,1,1,1,0,1,0,-1,1,1,1,1,1,1,1,1,0,1,1,1,1,1,1,1,1
6.3462E+17,1,1,1,-2,1,-1,1,1,1,1,1,-1,1,-1,1,1,1,-2,1,1,1,1,1,0,,-1,1,-2,,0
6.34624E+17,2,2,2,0,2,2,2,2,2,1,2,2,2,2,2,2,2,2,2,1,1,1,1,2,2,2,2,0,2,2
6.34624E+17,1,1,0,0,1,0,1,1,1,0,0,0,1,0,1,0,0,1,0,0,1,0,0,0,0,0,1,0,0,0
6.34625E+17,,,,,,,,,,,,,,,,,,,,,,,,,,,,,,
6.34626E+17,1,0,0,0,0,-1,0,0,1,-2,1,1,0,1,-1,0,,-1,-1,-1,-1,-1,0,,0,1,1,0,-1,-1
6.34629E+17,1,2,2,0,1,1,1,1,1,0,1,1,1,2,2,2,2,2,2,1,1,1,2,2,2,2,2,2,2,2
6.34635E+17,-1,0,1,-1,-1,-2,-2,-2,-2,-2,-2,-2,-2,-1,1,0,0,0,-1,2,2,0,0,-1,-1,-2,-1,-1,0,-1
6.34635E+17,1,1,2,1,1,1,2,2,2,2,2,2,2,2,2,1,2,2,2,2,2,2,1,2,2,2,2,1,2,2
6.34636E+17,-1,2,2,2,2,1,2,-1,-2,0,2,2,2,2,2,2,2,2,2,2,2,2,2,2,2,2,2,-2,1,0
6.34638E+17,0,2,2,0,-1,1,1,,1,0,0,0,0,2,2,1,1,2,1,1,0,0,1,1,1,2,1,1,1,0
6.34638E+17,1,2,2,0,1,2,2,2,2,1,1,1,2,2,2,-1,2,1,2,-2,-2,-2,-2,1,1,2,2,1,2,1
6.34638E+17,1,2,2,0,1,1,1,1,0,0,-1,-1,2,1,2,2,2,2,2,1,1,1,1,2,2,1,2,2,1,0
6.34638E+17,0,-2,-2,0,1,-1,-1,-1,1,-2,-2,-2,0,1,2,-1,-1,1,1,-1,-1,-1,1,1,1,1,-2,0,-2,-2
6.34641E+17,0,1,1,1,1,1,1,1,1,0,1,1,1,2,1,1,1,1,1,1,1,1,1,1,1,1,1,1,1,1
6.34648E+17,1,0,0,0,1,1,1,1,1,-1,0,0,0,-1,1,-2,-1,1,0,-2,-2,-2,-2,0,1,-2,-2,0,1,1
6.34649E+17,2,2,2,-1,-1,1,2,2,2,1,1,1,2,2,1,1,0,1,0,0,0,0,1,1,2,2,-1,-1,0,1
6.34649E+17,-1,1,1,0,-2,1,0,0,1,-1,-2,-2,1,-1,2,2,2,2,2,2,2,2,2,-1,-1,0,0,2,2,2
6.34651E+17,1,1,1,-1,1,1,1,1,1,0,1,1,1,1,2,-1,1,0,1,-1,-1,-1,-1,2,2,2,2,-1,1,1
6.34653E+17,0,1,2,-1,1,-1,1,0,1,-1,0,0,0,-1,1,-1,1,1,1,-1,-1,-1,-1,1,2,-1,1,-1,1,-1
6.34655E+17,-2,-2,1,-2,1,-2,-2,-2,-2,-2,-2,-2,0,-2,2,2,0,1,1,2,2,2,0,2,2,-1,2,-2,0,-2
6.34662E+17,0,-1,1,0,1,0,-1,-1,-1,-2,-1,-1,-1,-2,2,1,1,1,1,1,1,1,0,1,-1,-1,0,0,1,-2
6.34665E+17,0,1,1,1,1,0,0,0,0,-2,-1,-1,0,1,0,1,1,1,1,1,1,1,1,0,1,-1,-1,-1,0,0
6.34665E+17,-2,0,0,-1,-1,-2,0,-1,1,-2,-1,-1,0,-1,1,1,1,1,1,0,1,0,0,0,1,-1,1,-1,2,-1
6.34667E+17,,,,,,,,,,,,,,,,,,,,,,,,,,,,,,
6.34667E+17,1,2,1,1,1,1,2,2,1,1,1,1,1,2,2,2,2,2,2,2,2,2,2,2,1,2,2,2,2,2
6.34668E+17,1,2,2,2,2,1,1,1,-1,-1,1,1,1,2,2,1,2,2,2,2,2,2,2,1,2,2,2,1,2,1
6.34668E+17,,,,,,,,,,,,,,,,,,,,,,,,,,,,,,
6.34669E+17,1,1,1,1,1,1,1,1,1,-1,1,1,1,2,2,2,2,2,2,2,2,2,2,2,2,2,2,2,2,-1
6.34669E+17,-1,-1,-1,-2,-1,1,-1,1,-1,0,-1,-1,1,-1,1,2,-1,1,0,-1,-1,1,1,2,1,0,2,1,-1,-1
6.34671E+17,-2,-2,-2,-2,-2,-2,-2,-2,-1,-1,0,0,1,1,1,2,2,1,2,1,1,1,1,1,2,1,1,-2,1,1
6.34671E+17,-2,-1,-2,-2,1,-2,-1,-1,-1,-2,-2,-1,-1,-1,1,-1,-2,1,1,0,0,-2,-2,0,1,-2,0,-1,-2,-2
6.34671E+17,-2,1,1,0,0,0,0,0,0,0,0,0,0,0,1,0,0,1,1,-1,-1,-1,0,1,1,0,0,-1,1,1
6.34675E+17,0,1,-1,-2,0,-1,1,1,0,-1,0,0,1,1,2,-1,1,2,1,-1,-1,-1,-1,1,0,1,1,0,1,0
6.3468E+17,1,1,1,0,-1,1,1,1,1,0,1,1,1,1,2,2,2,2,2,1,1,1,1,2,0,1,1,1,1,1
6.34683E+17,,,,,,,,,,,,,,,,,,,,,,,,,,,,,,
6.34683E+17,-1,2,2,0,-2,-1,-2,-2,-2,-2,-2,-2,-2,-2,1,0,2,2,-2,2,2,2,0,-2,-2,-2,2,0,-2,-2
6.34683E+17,,,,,,,,,,,,,,,,,,,,,,,,,,,,,,
6.34684E+17,1,1,1,0,1,1,2,2,1,1,1,1,1,2,2,0,1,1,1,0,0,0,0,2,2,2,2,2,2,0
6.34685E+17,2,1,1,0,2,1,2,2,1,0,1,1,1,2,2,1,2,2,2,-1,-1,-1,1,2,2,1,2,0,1,1
6.34686E+17,1,2,0,0,1,2,2,2,1,1,0,0,0,2,2,2,2,2,2,,2,2,2,2,2,2,2,0,2,2
6.34686E+17,0,2,2,2,2,1,2,2,2,1,2,2,2,2,2,1,2,2,2,2,2,2,2,2,2,2,2,2,2,2
6.34687E+17,0,-1,0,-1,0,1,1,1,1,0,1,1,1,1,1,1,1,1,1,1,1,1,1,1,1,1,1,1,1,1
6.34687E+17,1,1,1,1,1,1,1,1,1,1,1,1,1,1,1,1,1,1,1,1,1,1,1,1,1,1,1,1,1,1
6.34689E+17,,-1,-1,-1,0,-1,0,1,0,1,0,0,0,-1,1,1,1,0,-1,0,0,0,0,1,1,1,1,0,-1,1
6.34689E+17,0,-2,-2,-2,0,0,0,0,-2,1,0,,,-2,1,1,0,1,0,1,,,2,1,1,-2,-1,-1,,
6.34692E+17,,,-2,-1,-2,0,1,1,1,0,-1,-1,-1,0,2,1,1,1,1,1,1,1,0,0,-1,2,-1,0,1,1
6.34692E+17,-2,1,0,0,1,0,1,-1,-1,-1,0,1,0,1,2,0,1,1,1,0,0,0,1,2,2,1,2,0,2,1
6.34696E+17,0,1,1,0,0,-1,1,0,0,-2,0,0,0,,1,1,1,1,1,0,0,0,0,0,1,1,0,1,1,-2
6.34696E+17,,,,,,,,,,,,,,,,,,,,,,,,,,,,,,
6.34697E+17,1,1,1,1,-1,1,1,1,1,1,1,1,1,1,1,1,1,1,1,1,1,1,1,1,1,1,1,1,1,1
6.34698E+17,0,1,0,1,1,1,2,2,2,1,1,1,0,1,1,-1,0,1,2,0,0,0,-1,1,0,1,-1,0,1,0
6.34699E+17,1,1,1,-1,0,-1,0,0,0,1,1,1,1,1,2,2,2,2,2,2,2,2,2,1,1,,1,1,1,1
6.34702E+17,-2,-1,2,-2,-2,-2,2,2,2,-1,2,2,2,2,-1,2,2,2,-1,2,2,2,2,-1,-1,1,0,2,-2,-2
6.34702E+17,1,0,0,0,-1,0,1,0,1,-1,0,0,1,1,1,1,1,1,1,0,0,1,1,1,1,1,1,1,-2,-1
6.34703E+17,-1,1,0,0,1,0,0,0,1,-1,-1,-1,0,0,1,1,0,1,0,1,1,0,0,1,1,0,-2,1,1,0
6.34705E+17,-2,0,0,-2,0,-1,1,1,0,1,-1,-1,0,-1,1,1,1,1,2,0,0,-1,1,1,1,1,1,0,1,1
6.34705E+17,-1,2,2,2,2,2,2,2,1,0,2,2,2,1,2,2,2,2,2,2,2,2,2,2,2,2,2,2,2,2
6.34707E+17,,,,,,,,,,,,,,,,,,,,,,,,,,,,,,
6.34708E+17,-2,0,0,-1,-2,-2,-1,-1,1,0,1,1,-1,-1,2,1,-2,1,1,-2,-2,-2,0,1,1,0,1,-1,1,1
6.34713E+17,1,2,2,2,0,-1,2,2,2,-1,1,1,1,2,2,2,2,2,2,2,2,2,2,1,2,2,2,1,2,2
6.34716E+17,0,1,1,0,1,1,1,1,1,1,2,2,2,2,2,1,1,2,1,1,1,1,1,1,1,1,1,0,1,1
6.34717E+17,2,2,2,0,2,1,,2,2,1,0,0,0,1,1,2,2,2,2,1,2,2,2,2,2,2,2,0,1,1
6.34722E+17,2,0,0,0,1,1,2,2,2,0,1,1,0,2,,2,2,2,2,2,2,2,1,1,2,2,2,1,2,0
6.34723E+17,-2,-2,-2,-2,-2,-2,-2,-2,-2,-2,-2,-2,-2,1,1,1,0,1,1,-2,-2,-2,-2,1,1,1,1,1,1,0
6.34723E+17,-2,-1,-1,-2,0,-1,-1,-1,-1,-2,-1,-1,-2,-1,1,1,-1,1,1,-1,-1,-1,0,2,-1,-1,-1,-1,1,0
6.34729E+17,1,2,2,0,2,1,1,1,1,1,1,1,1,1,2,1,2,2,1,2,2,2,2,1,1,1,2,1,1,1
6.34732E+17,1,1,1,1,0,1,1,1,0,-1,1,1,1,2,2,2,2,1,1,1,1,1,2,1,1,2,1,2,1,0
6.34733E+17,1,1,-1,1,1,0,1,1,1,-2,1,1,1,-1,2,-2,1,2,2,-2,-2,-2,-2,2,2,0,2,1,2,-1
6.34734E+17,1,1,1,0,-1,1,1,1,1,1,1,1,0,1,1,1,1,1,1,1,1,1,1,1,1,1,1,1,1,2
6.34735E+17,-2,-1,-1,1,1,-2,-1,-1,-2,-2,-1,-1,-2,1,2,2,1,1,2,1,1,1,1,2,2,2,2,1,1,1
6.34735E+17,2,1,1,1,1,2,2,2,2,2,2,2,2,2,2,2,2,2,2,2,2,2,2,2,2,2,2,2,2,2
6.34741E+17,0,1,1,1,1,1,1,1,1,-1,1,1,1,1,1,1,1,1,1,1,0,1,1,1,1,1,1,1,1,1
6.34741E+17,1,1,1,-2,1,0,1,1,-2,0,1,0,1,0,1,1,1,1,1,1,1,0,1,1,1,1,1,0,1,1
6.34741E+17,2,1,1,-2,0,1,1,1,1,0,1,1,1,2,2,2,2,2,1,2,1,1,2,2,2,1,2,1,1,1
6.34744E+17,1,2,1,2,1,2,1,2,1,2,2,1,2,2,0,,1,2,1,2,,0,2,1,2,0,1,1,2,0
6.34744E+17,-1,2,1,1,1,-2,1,1,-2,-1,1,1,1,1,2,2,2,2,2,2,2,2,2,1,1,-1,-1,1,1,-2
6.34745E+17,-1,-1,0,-1,0,0,0,0,0,-1,0,0,0,0,0,0,0,0,0,0,0,0,0,0,0,0,0,0,0,0
6.34745E+17,0,0,-2,1,-2,-2,2,0,-2,-2,-1,-1,-1,1,1,1,0,0,1,-2,-2,-2,1,1,1,2,2,0,2,0
6.34747E+17,1,1,1,0,0,0,0,1,0,0,1,1,0,0,0,1,1,0,2,2,2,2,2,2,1,1,2,1,1,0
6.34747E+17,2,2,2,2,2,2,2,2,2,2,2,2,2,2,2,2,2,2,2,2,2,2,2,2,2,2,2,2,2,2
6.34751E+17,1,1,1,1,1,-1,1,1,1,-2,1,1,1,-1,0,1,1,1,1,1,-1,1,1,2,1,1,1,0,-1,-2
6.34753E+17,0,0,0,1,-1,-1,-1,-1,1,0,0,0,0,0,1,1,1,1,1,0,0,0,0,1,1,-1,1,-2,1,1
6.34753E+17,2,2,2,0,2,2,2,2,2,1,2,2,2,2,2,2,2,2,2,1,1,1,1,2,2,2,1,2,2,2
6.34758E+17,,,,,,,,,,,,,,,,,,,,,,,,,,,,,,
6.34758E+17,1,1,1,-1,1,1,1,1,-1,2,1,1,1,1,1,1,1,1,1,1,1,1,1,1,1,1,1,1,1,1
6.34758E+17,1,-1,-1,0,1,0,-1,1,1,0,1,1,1,1,0,0,1,1,-1,0,0,0,1,1,2,1,1,0,1,0
6.34758E+17,-1,-2,1,-2,-1,-1,-1,1,1,-1,1,0,1,-2,2,1,2,1,1,1,0,1,1,1,1,-1,-1,-2,1,1
6.34759E+17,,,,,,,,,,,,,,,,,,,,,,,,,,,,,,
6.34759E+17,1,1,1,0,1,,2,2,1,0,1,1,2,2,2,1,2,1,1,1,1,2,0,1,1,2,1,0,1,1
6.3476E+17,0,1,0,0,0,-1,1,0,1,-2,0,1,0,0,1,-1,0,0,0,0,0,0,-1,0,-1,1,1,0,1,0
6.34762E+17,,1,1,-1,1,0,1,1,1,-1,0,0,0,0,1,-1,-1,1,1,-2,-2,-2,-2,2,2,0,-1,0,1,-1
6.34762E+17,1,2,2,2,0,1,2,2,1,0,1,1,1,2,2,2,2,2,2,1,1,1,1,2,2,2,1,-2,1,1
6.34762E+17,1,2,2,0,1,1,2,1,1,-1,1,1,1,1,1,1,1,1,1,1,1,1,1,1,2,1,1,0,1,-1
6.34762E+17,1,1,1,-1,1,0,0,1,1,-2,1,1,1,0,1,-2,-2,1,0,-2,-2,-2,-1,2,2,1,-1,-1,0,-2
6.34762E+17,-1,-2,-1,0,1,2,2,2,1,-2,1,1,1,1,1,0,1,1,1,0,-1,-1,-1,0,0,2,-2,1,1,1
6.34762E+17,1,1,1,1,1,1,1,1,1,1,1,1,1,1,1,1,1,1,1,1,1,1,1,1,1,1,1,1,1,1
6.34762E+17,-1,-1,-1,0,0,0,1,-1,-1,-2,0,0,0,2,2,2,2,1,2,-1,-1,-1,1,2,2,1,-1,-1,2,-1
6.34762E+17,,,,,,,,,,,,,,,,,,,,,,,,,,,,,,
6.34763E+17,-1,-1,-1,-1,0,-1,-1,-1,-2,-1,0,0,0,1,1,1,0,1,-1,-1,0,0,1,1,1,-1,1,-1,-1,-2
6.34763E+17,-1,1,0,-2,-2,-1,-2,-2,0,0,-2,-2,0,-1,-2,2,-2,2,-2,2,2,2,2,-2,-2,-2,1,1,-2,0
6.34763E+17,0,0,1,0,0,1,1,1,1,-2,0,0,0,1,1,1,1,1,0,1,1,2,1,2,2,-1,1,0,,-1
6.34763E+17,,2,2,2,-1,-1,0,1,-1,-2,-1,-1,-1,-1,1,1,1,1,-2,0,0,0,1,0,0,0,1,0,-2,0
6.34763E+17,0,1,1,0,-1,0,1,1,1,-1,0,0,0,1,2,2,2,1,1,1,1,1,1,2,1,1,1,1,2,1
6.34763E+17,0,1,1,1,1,0,0,0,1,-1,0,0,0,1,1,0,1,1,0,1,1,1,1,1,1,0,1,1,1,1
6.34764E+17,0,2,1,2,0,,2,2,2,-2,2,2,2,2,2,2,2,2,1,1,1,1,2,2,2,2,2,0,2,0
6.34764E+17,-1,2,2,0,1,0,1,1,1,0,0,0,0,1,1,1,2,2,2,1,1,1,1,2,2,2,2,1,1,1
6.34764E+17,0,0,0,0,1,0,1,1,0,-1,0,0,0,1,1,1,1,1,1,1,1,1,1,1,1,1,1,0,1,0
6.34765E+17,-2,-2,0,-2,2,1,0,0,-1,-2,0,0,0,-1,2,1,2,0,1,2,2,2,1,0,1,-2,-2,0,1,0
6.34765E+17,0,1,1,0,1,-1,-1,0,-2,-2,-2,-2,-2,-2,,0,0,0,0,-1,-1,-1,-1,0,0,-2,0,-1,-2,-2
6.34765E+17,0,0,0,-1,0,1,1,1,0,-1,0,0,0,1,2,0,0,1,2,0,0,-1,-1,1,1,0,-1,0,1,0
6.34765E+17,2,2,2,0,1,2,2,2,2,2,0,0,0,2,2,2,2,2,2,2,2,2,2,2,2,2,2,0,2,2
6.34765E+17,2,2,2,0,2,1,2,2,2,1,0,2,2,2,2,2,2,1,2,2,2,2,2,2,2,2,2,2,1,1
6.34765E+17,,,,,,,,,,,,,,,,,,,,,,,,,,,,,,-2
6.34769E+17,1,2,1,2,0,1,1,1,1,1,1,1,1,1,2,2,2,2,2,2,2,2,2,1,-1,2,1,2,2,1
6.34774E+17,1,1,1,1,0,1,1,1,1,-1,0,0,1,1,1,0,0,1,1,0,0,1,0,1,1,1,1,1,1,0
6.34774E+17,-1,0,0,0,0,-2,-2,0,-2,-1,-2,-2,-2,-2,1,1,2,2,1,-1,-1,-1,1,1,0,0,1,0,0,-1
6.34775E+17,2,1,1,0,-1,1,1,1,1,0,,,1,1,1,1,1,1,1,0,0,0,1,1,0,1,1,1,2,1
6.34776E+17,2,1,0,0,-1,0,0,0,0,0,0,0,0,0,1,0,1,0,1,0,0,0,0,0,0,0,0,0,0,0
6.34776E+17,0,1,1,1,1,1,2,2,1,1,1,1,0,2,2,1,1,1,2,-1,1,1,1,1,1,2,0,1,1,1
6.3478E+17,0,0,-1,-1,1,0,1,1,1,1,1,1,1,1,1,1,1,1,1,1,1,1,1,1,0,1,1,1,1,1
6.34782E+17,2,1,1,0,1,2,2,2,2,0,1,2,2,2,2,1,2,2,2,1,0,2,0,2,2,2,2,1,2,1
6.34782E+17,1,1,1,0,1,1,1,1,1,1,1,1,1,1,1,1,1,1,1,1,1,1,1,1,2,2,2,-1,1,1
6.34782E+17,2,2,2,2,2,1,2,2,2,1,2,2,2,2,2,2,2,2,2,2,2,2,2,2,2,2,1,2,2,2
6.34782E+17,0,-1,1,-1,-1,0,1,1,0,0,-1,-1,1,-1,2,2,2,1,2,2,2,2,2,0,-1,0,-1,-1,0,0
6.34783E+17,,,,,,,,,,,,,,,,,,,,,,,,,,,,,,
6.34783E+17,,,,,,,,,,,,,,,,,,,,,,,,,,,,,,
6.34786E+17,2,2,2,2,2,2,2,2,2,2,2,2,2,2,2,2,2,2,2,2,2,2,2,2,2,2,2,2,2,2
6.34786E+17,1,1,2,2,1,1,1,1,1,0,1,1,1,1,1,1,1,1,1,1,0,1,1,1,1,1,1,0,1,0
6.34787E+17,-2,1,1,1,1,2,2,1,1,-2,1,1,1,2,2,1,2,2,2,1,1,1,1,2,2,2,2,-2,2,1
6.34788E+17,0,0,2,0,-2,0,2,1,-1,-1,1,1,-1,2,1,0,2,2,2,2,-1,-1,1,2,1,1,2,1,1,1
6.34789E+17,1,2,1,2,1,2,1,1,1,0,1,1,1,2,2,2,2,2,1,2,2,2,1,2,0,1,1,1,2,1
6.34789E+17,0,-1,-1,-1,-1,1,0,1,0,-1,0,1,-1,0,1,1,1,1,0,-1,-1,0,0,0,-1,0,2,-2,1,1
6.34793E+17,1,1,1,0,1,1,1,1,1,2,1,1,1,1,1,2,1,1,2,1,2,2,2,2,1,1,2,1,1,2
6.34794E+17,2,2,2,2,2,2,2,2,2,2,2,2,2,2,2,2,2,2,2,2,2,2,2,2,2,2,2,2,2,2
6.34795E+17,1,1,0,0,1,1,1,1,0,0,0,0,-1,1,1,0,0,1,1,0,0,0,0,1,1,1,0,1,0,0
6.34795E+17,0,1,1,-2,0,-2,-2,0,-2,-1,-2,-2,-2,0,2,1,-1,1,-1,-2,-2,-2,0,2,2,-2,2,-2,0,-2
6.348E+17,1,1,-2,-2,2,-2,-2,-1,-2,-2,-2,-2,-2,-2,0,1,1,-2,-2,-1,-1,0,1,-2,1,-2,-1,-2,-1,-2
6.34801E+17,1,0,1,1,1,1,1,1,1,-1,0,0,0,1,2,2,1,2,1,1,1,1,1,1,1,1,1,1,1,1
6.34807E+17,1,1,1,1,-1,0,-1,-1,-1,0,-1,0,1,-2,2,1,0,1,1,1,1,1,1,1,1,0,1,0,0,0
6.34808E+17,-2,-1,-1,-1,0,-2,-2,-2,0,-2,-2,-2,-2,-2,1,1,1,1,-1,-1,-1,-1,1,0,0,-1,-1,-1,-1,-2
6.3481E+17,1,1,1,0,1,1,2,1,2,-1,1,1,1,1,2,2,2,2,2,-1,-1,-1,1,1,1,1,1,0,2,1
6.34811E+17,,,,,,,,,,,,,,,,,,,,,,,,,,,,,,
6.34811E+17,0,-1,-1,0,-2,-2,1,1,1,-1,0,-1,0,-2,1,1,2,0,-2,0,1,1,1,-1,-1,-2,1,0,-2,-2
6.34811E+17,2,2,2,0,-1,2,2,2,1,2,1,1,1,,2,2,2,2,2,2,2,2,2,2,2,,2,1,2,2
6.34811E+17,,,,,,,,,,,,,,,,,,,,,,,,,,,,,,
6.34813E+17,2,1,2,2,0,1,2,2,0,0,1,1,1,2,2,-1,1,1,0,-1,1,-1,0,-1,1,1,1,1,1,1
6.34813E+17,,,,,,,,,,,,,,,,,,,,,,,,,,,,,,
6.34814E+17,2,2,2,0,0,1,1,0,1,-1,2,2,2,1,2,2,2,1,-2,2,2,2,2,2,2,2,2,2,2,0
6.34817E+17,1,1,1,1,1,1,1,1,1,0,1,1,1,2,1,0,2,1,1,-1,-1,-1,0,1,2,2,2,2,2,2
6.34817E+17,-2,1,-2,-2,-2,-2,0,1,-2,-2,-2,-2,-2,-2,2,1,-2,1,-2,-1,-1,1,1,-2,-2,-2,2,1,-2,-2
6.34819E+17,-1,,,,,,,,,-1,,,,,,,,,,,,,,,,,,,,
6.3482E+17,1,1,1,2,1,1,1,1,1,1,1,1,2,1,1,1,1,2,1,2,2,2,2,0,1,1,1,1,1,1
6.3482E+17,2,1,2,1,1,1,2,2,1,1,1,1,1,2,2,0,1,1,2,0,0,0,0,2,2,2,2,1,2,2
6.34824E+17,2,2,2,2,2,2,2,2,2,2,2,2,2,2,2,2,2,2,2,2,2,2,2,2,2,2,2,2,2,2
6.34825E+17,2,2,1,0,2,-1,1,2,2,-1,1,1,-1,1,1,2,2,1,0,1,1,1,1,1,0,0,0,1,1,1
6.34825E+17,0,1,0,1,1,-2,1,1,1,-1,0,0,-2,0,1,-2,0,1,0,-1,-1,-1,-2,-1,0,0,0,-1,0,0
6.34826E+17,1,1,1,1,-1,0,2,1,2,0,0,1,2,2,1,2,2,1,2,2,1,2,2,1,1,2,2,1,1,-1
6.34832E+17,1,1,1,0,-1,1,1,1,1,0,,1,1,1,1,1,1,1,1,1,1,1,1,1,1,1,1,0,1,1
6.34834E+17,0,1,1,0,1,0,1,0,1,0,0,0,0,0,2,2,2,2,2,2,2,2,2,1,2,1,1,1,2,0
6.34838E+17,0,0,0,-1,1,0,0,-1,0,-1,0,0,1,-1,0,1,0,1,0,1,1,1,1,1,1,-1,1,-1,0,0
6.34838E+17,0,0,0,-2,1,-1,0,0,-1,0,0,0,1,-1,0,1,0,1,1,1,1,1,1,1,1,0,1,-1,0,0
6.34838E+17,0,0,-1,-1,0,0,0,0,0,0,0,0,0,0,1,-1,-1,1,0,-1,-1,0,-1,0,0,0,0,-1,-1,-1
6.34838E+17,0,1,1,-2,-2,-1,0,0,-1,-1,1,1,0,-1,1,1,1,1,0,0,1,1,1,1,-1,1,-1,1,-1,-1
6.34838E+17,1,0,0,1,-1,0,1,1,0,-1,1,1,1,1,2,1,0,2,1,1,1,1,1,0,1,-1,1,1,1,1
6.34841E+17,,,,,,,,,,,,,,,,,,,,,,,,,,,,,,
6.34841E+17,1,1,2,0,1,0,1,1,1,1,1,1,1,1,1,1,1,1,1,1,1,1,1,1,1,0,1,0,1,1
6.34844E+17,2,2,2,1,2,2,2,2,0,1,2,2,2,2,2,2,2,2,2,2,2,2,2,2,2,2,2,0,2,1
6.34844E+17,0,1,0,0,0,0,1,1,0,-2,0,0,0,1,1,0,0,1,1,1,1,1,1,1,1,1,1,0,1,0
6.34848E+17,1,1,1,0,1,-1,1,1,0,-2,1,1,1,1,2,1,1,1,1,1,1,1,1,1,1,-1,1,2,1,-2
6.34849E+17,0,0,0,0,0,2,2,2,2,0,2,2,2,2,2,2,2,2,2,2,2,2,2,2,2,2,0,0,1,1
6.3485E+17,0,-1,-1,-1,0,-1,0,0,0,-1,0,0,0,1,1,1,1,1,1,1,1,1,1,0,0,0,1,0,1,0
6.34853E+17,0,0,-1,-1,1,-1,-1,-1,-1,-2,,,-2,-1,2,1,-1,1,1,-1,-1,-1,-1,0,-1,-2,2,1,1,-1
6.34853E+17,-1,1,0,1,2,1,2,2,2,-1,1,1,1,2,2,1,2,2,2,1,1,1,1,1,1,1,2,2,2,0
6.34854E+17,1,1,1,0,-1,1,2,1,1,0,1,1,0,1,1,1,1,1,1,1,1,0,1,1,1,2,2,0,1,0
6.34854E+17,2,1,,,-1,2,1,0,1,0,-1,-1,1,2,2,2,2,1,0,-1,-1,-1,1,2,2,2,2,2,2,2
6.34854E+17,,1,1,1,0,1,1,1,1,1,1,1,1,1,1,0,1,-1,1,1,1,1,-1,0,1,1,0,1,1,1
6.34856E+17,,,,,,,,,,,,,,,,,,,,,,,,,,,,,,
6.34859E+17,0,-1,-1,-1,-2,-2,-1,-1,0,-1,0,0,0,0,0,1,1,1,0,1,1,1,1,1,1,0,0,-1,1,0
6.3486E+17,2,1,0,0,1,1,1,1,1,1,0,0,1,1,1,1,1,1,1,1,1,1,1,1,0,0,1,1,0,0
6.3486E+17,1,2,2,2,2,2,2,2,2,0,1,1,2,2,2,2,2,2,2,2,2,2,2,2,2,2,2,2,2,2
6.34862E+17,0,1,1,-1,1,1,1,1,1,-1,1,1,1,1,1,1,2,2,2,1,1,2,0,0,1,1,1,2,2,2
6.34866E+17,0,1,1,0,-2,0,0,0,-1,0,0,0,1,0,1,1,1,1,1,1,1,1,1,1,1,0,-1,-1,1,1
6.34866E+17,,,,,,,,,,,,,,,,,,,,,,,,,,,,,,
6.34866E+17,1,2,1,0,-2,1,1,1,1,0,0,1,1,1,1,2,2,1,0,1,1,1,2,-1,1,1,,0,1,0
6.34867E+17,1,2,2,1,1,2,1,1,1,0,1,1,1,1,1,1,1,1,1,1,1,1,1,1,1,1,1,1,1,1
6.34867E+17,-1,1,0,0,1,-1,0,-1,-1,-1,0,0,0,0,1,1,1,1,1,0,0,0,1,1,1,-1,1,1,1,-1
6.34872E+17,0,1,1,0,0,0,1,1,1,1,1,1,1,1,1,1,1,1,2,1,1,1,1,1,1,1,2,0,1,1
6.34873E+17,-2,0,1,-2,-2,-1,-1,-1,0,-1,-1,-1,-1,-1,2,2,2,1,-1,1,1,1,1,1,1,1,1,1,1,0
6.34875E+17,2,0,1,0,1,1,0,2,2,1,1,1,-1,0,-1,2,2,2,-1,2,2,2,2,-1,-1,1,1,-1,-1,-1
6.34878E+17,1,1,1,1,1,1,1,1,1,1,1,1,1,1,1,1,1,1,1,1,1,1,1,1,1,1,1,1,1,1
6.34878E+17,,,,,,,,,,,,,,,,,,,,,,,,,,,,,,
6.3488E+17,1,1,1,1,1,1,2,2,2,0,1,1,1,2,2,2,2,2,2,2,2,2,2,2,2,2,2,1,2,1
6.34883E+17,,,,,,,,,,,,,,,,,,,,,,,,,,,,,,
6.34883E+17,0,1,2,1,1,2,2,2,1,2,1,1,1,1,2,2,2,2,2,2,2,2,1,2,0,1,1,1,2,2
6.34884E+17,,1,1,2,2,0,0,1,0,0,0,0,-1,1,,1,2,2,2,2,2,2,1,2,1,0,0,1,2,1
6.34884E+17,0,1,1,0,1,0,1,1,0,0,0,0,-1,0,1,1,1,1,0,1,1,1,1,1,1,1,1,1,1,1
6.34884E+17,1,0,-1,-1,0,-1,0,0,0,-2,0,-1,0,-1,1,0,0,0,0,-1,-1,-1,0,0,-2,-1,-1,0,1,-2
6.34884E+17,-2,1,1,-2,0,-2,0,0,1,-2,1,1,1,1,2,2,2,-1,-2,-2,-2,-2,-2,-2,2,-2,1,-2,2,1
6.34885E+17,1,2,,0,0,2,2,2,2,1,1,1,1,2,2,2,2,2,2,2,2,2,2,1,1,2,1,0,2,2
6.34886E+17,-1,-1,-1,0,-1,-2,0,-1,-2,-2,-1,-1,-2,-2,1,0,-1,1,0,0,0,-1,0,1,1,-1,0,0,-2,-2
6.34889E+17,1,1,1,1,-1,1,1,0,1,1,1,1,1,0,1,0,2,1,1,-1,-1,-1,1,0,1,1,0,0,1,0
6.3489E+17,1,1,1,0,1,1,1,1,1,1,1,1,0,1,1,1,0,1,2,1,1,1,1,1,1,2,0,1,1,1
6.3489E+17,-1,1,0,-1,0,0,1,1,1,-1,0,-1,-2,0,1,-1,0,0,0,-2,-1,-1,0,1,1,1,0,0,0,-1
6.3489E+17,0,1,1,1,0,0,1,1,0,0,0,0,1,1,1,2,2,2,2,2,2,2,1,2,1,0,2,2,1,0
6.34891E+17,-1,2,2,1,1,1,1,0,1,0,1,1,1,2,2,2,2,2,2,2,2,2,2,2,2,1,2,0,2,1
6.34891E+17,0,1,-1,1,-1,1,2,1,1,-1,0,0,0,-1,1,-2,1,-2,1,-2,-2,-2,-2,1,2,1,-2,-1,1,0
6.34892E+17,-1,0,-2,-2,-1,,0,0,-1,-2,0,0,-1,0,2,-2,-2,-1,0,-2,-2,-2,-2,2,2,1,2,-1,2,2
6.34892E+17,1,1,1,1,2,1,2,2,1,1,1,1,1,2,2,2,2,2,2,1,1,1,1,1,2,2,-1,-1,,1
6.34892E+17,2,1,1,0,1,0,1,1,1,,,,,1,,1,2,2,2,2,2,2,2,2,1,2,1,,,
6.34897E+17,-1,-1,-1,0,0,0,-1,-1,-1,-1,-1,-1,-1,-1,2,-1,-1,1,1,1,-1,-1,-1,-1,-1,-1,-1,-1,1,-1
6.34897E+17,0,1,1,1,1,0,1,1,1,-1,1,1,0,1,1,1,1,1,1,1,1,1,1,1,1,1,1,0,1,1
6.34897E+17,0,0,-1,0,1,-1,-1,-1,-2,-2,0,0,0,1,1,1,1,1,0,-1,-1,-1,0,1,1,1,-1,1,2,2
6.34898E+17,0,-2,-2,-2,-2,-2,-2,-2,-2,-2,-2,-2,-2,-2,-2,1,-2,0,0,-2,-2,-2,1,1,-2,-2,2,0,-2,-2
6.34903E+17,1,2,2,1,1,1,0,1,1,1,0,0,0,1,2,2,2,2,1,1,1,1,1,1,1,1,1,1,1,1
6.34904E+17,1,1,1,1,1,1,1,1,1,1,1,1,1,1,1,1,1,1,1,1,1,1,1,1,0,1,1,1,1,0
6.34904E+17,,,,,,,,,,,,,,,,,,,,,,,,,,,,,,
6.34907E+17,-1,-1,-1,-1,2,-1,0,1,1,-2,0,0,0,0,1,0,1,1,1,0,-1,1,0,2,2,0,2,-2,0,0
6.34907E+17,0,1,0,0,1,0,0,-1,-2,-2,-1,-1,-1,-1,1,-1,-1,1,1,0,0,1,0,0,-1,0,-1,0,1,-2
6.34908E+17,-1,0,0,-1,-1,-1,1,0,-2,-1,0,0,0,1,1,2,1,1,0,-1,-1,0,1,0,1,0,2,1,1,1
6.34908E+17,0,1,0,1,1,0,1,1,1,-1,0,0,0,1,1,1,1,1,1,1,1,1,1,0,-1,0,1,1,1,0
6.34908E+17,1,1,1,2,2,1,1,1,1,1,1,1,1,2,2,2,2,2,2,2,2,2,2,2,1,2,2,2,2,1
6.34909E+17,-1,1,1,1,1,-2,1,1,0,-2,-1,-1,-2,1,1,1,1,1,1,-1,-1,1,-1,-1,2,-1,1,-1,1,-2
6.34909E+17,-2,-1,-1,-1,-2,-1,-1,-1,-1,-1,0,0,0,-2,1,1,1,1,2,1,1,1,1,0,1,2,1,1,1,1
6.34909E+17,1,0,0,-1,0,1,1,1,1,0,1,1,1,1,1,1,1,1,1,1,1,1,1,1,1,1,1,1,1,0
6.34909E+17,1,1,0,0,1,0,1,1,1,1,1,1,1,2,2,1,2,1,2,1,1,1,1,1,1,1,-1,1,2,2
6.34909E+17,1,-1,0,0,1,0,1,1,1,-1,-1,-1,1,-1,1,1,0,1,-1,-1,-1,-1,-1,1,1,1,0,0,-1,-1
6.3491E+17,1,0,-1,0,-1,1,1,-2,-2,,-1,-1,1,0,1,1,1,1,1,0,0,0,1,-2,-2,2,2,-1,1,-2
6.3491E+17,,,,,,,,,,,,,,,,,,,,,,,,,,,,,,
6.3491E+17,1,2,2,2,1,0,2,1,1,0,1,1,1,1,2,2,2,2,1,2,2,2,1,0,0,1,1,2,2,0
6.34911E+17,1,2,2,1,1,0,1,1,1,0,1,1,0,1,2,2,1,2,2,1,1,1,1,2,1,0,1,1,1,1
6.34913E+17,,,,,,,,,,,,,,,,,,,,,,,,,,,,,,
6.34915E+17,0,1,0,-1,1,1,1,0,1,0,0,0,0,0,1,-1,-1,1,0,-2,-2,-2,-1,1,0,0,0,1,1,1
6.34916E+17,1,1,1,0,1,1,2,2,2,-1,0,0,0,2,2,1,2,2,2,1,1,1,1,2,2,2,1,1,1,1
6.34933E+17,2,2,1,2,1,1,1,1,1,1,1,1,1,1,1,2,1,2,1,1,0,2,1,2,2,0,2,1,1,1
6.34933E+17,-1,-1,0,0,0,-1,0,-1,-2,-1,-1,-1,-1,-1,1,0,-1,1,-1,-1,-1,-1,1,1,1,-1,1,-1,1,0
6.34937E+17,-1,-2,-2,-2,1,-2,-2,-2,-2,-2,-2,-2,-2,-2,1,1,-2,-1,-2,1,-2,1,1,-1,-1,-2,1,-2,-2,-2
6.34938E+17,-2,2,2,-1,-1,0,1,1,1,-2,0,0,0,0,1,1,1,1,-2,-1,-2,1,1,0,1,1,-2,-1,1,-1
6.34938E+17,1,1,1,1,-2,1,1,1,1,1,1,1,1,1,1,1,1,1,1,1,1,1,1,0,1,1,1,0,1,1
6.34938E+17,-2,1,1,0,0,-2,-1,-1,-1,-2,-1,-1,-1,-1,1,1,1,1,1,1,1,1,1,0,0,-2,0,-1,1,-1
6.34938E+17,,,,,,,,,,,,,,,,,,,,,,,,,,,,,,
6.34939E+17,,,,,,,,,,,,,,,,,,,,,,,,,,,,,,
6.34941E+17,1,1,0,-1,1,1,2,1,1,-1,1,1,1,1,2,1,0,1,1,1,,1,1,1,1,1,1,0,2,2
6.34941E+17,-1,0,0,-1,1,0,-1,1,0,-2,-1,-1,0,1,2,1,1,1,1,0,1,0,1,1,1,1,1,-1,1,1
6.34941E+17,2,2,2,1,1,2,2,2,2,2,2,2,2,2,2,2,2,2,2,2,2,2,2,2,2,2,2,2,2,2
6.34944E+17,0,1,1,-1,-1,1,1,1,1,1,1,1,1,1,1,1,1,1,1,1,1,1,1,1,1,1,1,1,1,1
6.34945E+17,1,1,1,-1,1,1,1,1,1,1,1,1,1,2,2,1,2,1,2,2,2,2,1,1,-1,1,-1,1,1,1
6.34945E+17,1,2,2,0,-2,1,1,1,1,1,1,1,1,1,2,2,2,2,2,2,2,2,2,0,-1,1,1,1,2,1
6.34951E+17,0,0,0,0,0,0,0,0,0,0,0,0,0,0,0,0,0,0,0,0,0,0,0,0,0,0,0,0,0,0
6.34952E+17,1,1,1,1,1,1,1,1,1,1,1,1,1,1,1,1,1,1,1,1,1,1,1,1,1,1,1,1,1,1
6.34957E+17,,,,,,,,,,,,,,,,,,,,,,,,,,,,,,
6.34958E+17,-1,2,1,-2,-2,-1,0,-1,-1,-2,-1,-1,-1,0,2,2,2,2,0,-1,-1,-1,2,2,0,-1,2,-2,-1,0
6.34964E+17,2,2,2,2,2,2,2,2,2,1,2,2,2,2,2,2,2,2,2,2,2,2,2,2,2,2,2,2,2,2
6.34969E+17,0,0,0,0,1,-1,0,0,1,-2,-1,-1,0,0,2,2,0,2,2,2,2,2,2,-1,0,-1,-1,1,1,-1
6.3497E+17,1,1,1,0,1,0,1,1,1,0,0,0,1,1,1,0,1,1,1,1,1,1,0,1,1,1,1,0,0,0
6.34974E+17,-2,0,1,1,-1,-2,-1,-2,-2,-2,-1,-1,-2,0,1,1,0,1,-1,0,0,1,1,1,1,-2,1,-1,1,1
6.34975E+17,0,-2,-2,0,-2,0,-1,0,-1,1,-1,-1,-1,-1,1,0,1,-1,-2,-1,-1,0,0,-1,0,-1,-2,-1,-1,1
6.34975E+17,2,2,2,2,2,2,2,2,2,2,2,2,2,2,2,2,2,2,2,2,2,2,2,2,2,2,2,2,2,2
6.34975E+17,-2,1,1,1,-1,-2,-1,-2,-2,-2,-1,-1,-2,1,1,1,0,1,-1,0,0,0,1,1,1,-2,1,1,1,1
6.34976E+17,-2,0,0,-2,0,-1,-2,-2,-2,-2,-2,-2,-1,-2,1,1,-2,1,1,-1,-1,-1,0,1,0,-1,1,0,1,-2
6.34977E+17,1,2,0,0,-1,1,2,2,2,1,0,0,0,1,1,0,0,1,1,-1,-1,-1,0,2,1,1,2,0,1,1
6.34978E+17,1,1,1,1,1,1,1,1,1,1,1,1,1,1,1,1,1,1,1,1,1,1,1,2,1,1,1,1,1,1
6.34982E+17,1,2,1,2,1,1,2,2,1,0,2,2,2,2,1,1,1,1,1,1,1,1,2,2,1,2,2,2,1,1
6.34982E+17,1,1,1,1,1,1,1,1,1,1,1,1,1,1,1,1,1,1,1,1,1,1,1,1,1,1,1,1,1,1
6.34986E+17,1,1,1,1,-1,1,1,1,1,1,1,1,1,1,1,1,1,0,1,1,1,1,1,1,1,1,1,1,1,1
6.34988E+17,-1,1,0,0,1,-1,-1,-1,-1,-1,0,0,1,0,2,1,1,-1,2,1,1,1,1,-1,1,2,1,0,1,1
6.34992E+17,0,0,0,-1,-1,0,0,0,-1,-1,0,1,1,-1,0,1,1,0,0,-1,-1,-1,0,0,1,0,1,0,0,-1
6.34993E+17,2,2,2,2,2,2,2,2,2,2,1,2,2,2,2,2,2,2,2,2,2,2,2,2,2,2,2,2,2,2
6.34993E+17,-1,-1,-1,-1,1,-1,-1,-1,-1,-1,0,0,0,2,2,2,2,2,2,-1,-1,-1,-1,1,-1,1,1,0,1,-1
6.34993E+17,-1,-1,-1,-1,1,-1,-1,-1,-1,-1,0,0,0,1,1,1,1,1,1,-1,-1,-1,,1,-1,1,1,-1,1,-1
6.34995E+17,2,1,1,1,1,1,2,2,1,1,1,1,1,2,1,1,1,1,1,1,1,1,1,0,1,1,1,1,1,1
6.34999E+17,1,0,0,0,1,0,1,0,1,-1,1,1,1,1,1,0,1,1,0,0,0,0,0,1,1,1,-1,1,1,0
6.34999E+17,0,1,1,-1,-1,0,1,1,1,1,1,1,1,1,1,1,1,1,1,0,0,0,1,1,1,1,1,0,1,1
6.35E+17,1,0,0,-2,-1,0,1,1,1,0,1,1,1,1,1,-1,1,1,1,-2,-2,-2,-2,0,-2,1,0,-2,1,0
6.35E+17,-1,-2,-1,-1,1,-2,-2,-2,1,-1,-2,-1,-1,-1,-2,-2,,1,-2,0,0,-1,-1,-2,-2,-2,1,-2,-2,-1
6.35E+17,0,0,-1,0,0,0,2,2,0,0,1,1,1,2,2,0,0,1,2,1,1,1,0,2,2,1,1,-1,2,1
6.35005E+17,0,1,1,1,2,1,1,0,-1,0,0,0,-1,0,2,2,2,2,2,2,2,2,2,2,2,0,2,2,2,1
6.35006E+17,2,1,1,0,-1,1,1,1,1,1,1,1,1,1,1,2,1,1,0,1,1,1,1,-1,1,-1,1,1,-1,0
6.35006E+17,,,,,,,,,,,,,,,,,,,,,,,,,,,,,,
6.35006E+17,0,1,1,1,1,0,1,1,1,1,1,0,1,2,2,2,2,2,1,2,2,1,1,1,1,1,2,1,1,1
6.35011E+17,0,1,1,-1,0,1,1,1,2,1,0,0,0,0,2,2,1,2,2,2,2,2,1,0,0,1,2,2,1,1
6.35011E+17,-2,-2,-2,-2,-2,-2,-2,-2,-2,-2,-2,-2,-2,-2,-2,-2,-2,-2,-2,-2,-2,-2,-2,-2,-2,-2,-2,-2,-2,-2
6.35012E+17,,,,,,,,,,,,,,,,,,,,,,,,,,,,,,
6.35013E+17,0,-1,-1,-1,-1,1,-1,0,1,0,-1,-1,0,-1,1,2,0,0,-1,1,1,0,2,-1,-1,0,0,0,0,-1
6.35013E+17,,,,,,,,,,,,,,,,,,,,,,,,,,,,,,
6.35017E+17,1,-1,-1,-2,-2,0,1,-2,-2,-2,0,-1,0,1,2,2,2,2,1,1,1,1,2,2,1,2,2,0,-1,-1
6.35017E+17,1,0,-2,,0,-2,1,-1,-2,0,0,0,0,-2,2,-2,0,2,-2,1,1,1,-2,1,0,-2,1,0,-2,-2
6.35018E+17,-1,-2,-1,0,-2,0,0,0,1,-1,-2,-2,-2,-2,0,1,-1,1,-1,0,0,1,1,1,1,-2,-1,0,0,0
6.35019E+17,0,0,0,0,-2,1,1,1,-2,-2,0,0,0,1,2,1,1,1,2,0,0,1,1,1,1,2,2,0,1,-2
6.35022E+17,2,0,0,0,-1,0,0,1,2,-1,0,0,-1,1,1,0,1,-1,0,0,0,0,0,1,1,1,1,-1,1,-1
6.35025E+17,0,1,1,0,1,1,1,1,0,1,1,0,1,0,2,1,1,1,1,0,0,0,1,1,1,1,1,1,2,1
6.35028E+17,0,0,1,-1,0,1,2,1,1,2,1,1,0,1,1,1,2,1,2,2,2,2,1,1,2,2,2,1,2,2
6.35031E+17,0,1,1,1,1,1,1,1,-1,-1,1,1,1,0,1,1,1,1,1,1,1,1,1,1,1,0,1,1,1,1
6.35031E+17,0,-2,-1,0,-2,0,1,1,1,0,0,0,0,-1,1,-1,1,1,1,-2,-2,-2,-2,1,1,1,1,0,1,1
6.35036E+17,1,1,1,1,1,1,1,1,1,1,1,1,1,1,1,1,1,1,1,1,1,1,1,1,1,1,1,1,1,1
6.35037E+17,2,2,2,2,2,2,2,2,2,2,2,2,2,2,2,2,2,2,2,2,2,2,2,2,2,2,2,2,2,2
6.35037E+17,-1,1,1,-1,-1,-1,1,1,1,-1,-1,-1,-1,2,2,1,2,1,1,1,1,0,0,2,1,2,2,2,2,2
6.3504E+17,0,0,-2,-2,-1,,,,0,,0,0,0,,1,-1,-2,0,-1,-2,-2,-2,0,1,0,,0,0,,
6.35043E+17,0,-1,-2,-1,2,1,1,0,-2,1,1,1,1,1,1,0,0,1,1,-1,-1,-1,-1,2,1,1,-1,0,1,1
6.35043E+17,-1,2,1,-1,-1,0,0,0,-1,0,0,0,0,-1,1,1,0,1,0,0,0,0,0,2,1,0,0,1,0,-1
6.35048E+17,1,1,0,1,-1,1,1,0,1,1,1,1,1,1,2,1,1,0,1,1,1,1,1,1,1,2,1,0,1,1
6.35048E+17,0,-1,-1,-1,0,0,0,0,1,0,0,0,0,-1,2,0,0,1,2,-1,-1,-2,0,-1,-1,0,-1,0,1,0
6.3505E+17,,,,,,,,,,,,,,,,,,,,,,,,,,,,,,
6.3505E+17,2,2,2,2,2,2,2,2,2,1,2,2,2,2,2,2,2,2,2,1,2,2,2,1,2,2,1,2,1,1
6.35059E+17,,,,,,,,,,,,,,,,,,,,,,,,,,,,,,
6.3506E+17,0,0,1,-1,-1,1,1,0,0,-1,1,1,1,0,2,1,2,1,2,2,2,2,1,0,0,1,0,1,2,-1
6.35065E+17,,,,,,,,,,,,,,,,,,,,,,,,,,,,,,
6.35065E+17,2,2,2,0,0,1,2,2,2,2,2,2,2,2,2,2,2,2,2,2,2,2,2,2,2,2,2,2,2,2
6.35066E+17,0,-2,-2,0,-1,1,1,1,1,0,0,0,0,1,1,1,1,1,1,1,1,1,1,1,1,1,1,1,1,1
6.35067E+17,0,1,1,0,-1,0,1,1,1,-1,1,1,1,1,2,2,2,2,2,0,0,0,1,1,0,0,1,0,0,0
6.35068E+17,,,,,,,,,,,,,,,,,,,,,,,,,,,,,,
6.3507E+17,1,2,2,0,1,1,1,1,1,0,1,1,1,1,1,2,2,1,1,1,1,1,2,1,2,2,2,1,1,1
6.35071E+17,2,-2,-2,-2,-1,1,0,0,2,1,-2,-2,-2,-2,1,2,0,1,-1,2,2,2,2,-2,-2,-1,1,2,1,0
6.35073E+17,2,2,2,2,2,2,2,2,2,1,2,2,2,2,2,0,2,2,1,-1,2,2,2,2,2,2,2,0,2,2